,"('1', 'depthN')","('4', 'depthN')","('6', 'depthN')","('7', 'depthN')","('8', 'depthN')","('10', 'depthN')",raingage_J,raingage_C,raingage_N,raingage_S
"O8->('6', 'depthN')_tr_1_0",-3.606445167715423e-17,1.6424620732938615e-17,4.007851900640919e-05,-2.965040765505628e-10,-5.40122949254662e-19,4.209810776324285e-17,4.057608089265439e-17,1.1797997680657396e-16,-7.799795902808245e-18,8.456438280847793e-17
"O8->('6', 'depthN')_tr_1_1",-1.7667431898879656e-16,-1.375272943794293e-16,0.0007019249158881534,-5.5005462074012176e-09,9.818619098100644e-17,-3.6748067000323727e-16,1.762579852767779e-16,-6.3938594736103e-16,5.475727370622426e-16,2.1583166651065167e-16
"O8->('6', 'depthN')_tr_1_2",4.8676575804604024e-15,2.5144754723867225e-15,0.010425196120035531,-1.1010072899138404e-07,3.0627468242945334e-16,-3.3440958651705624e-15,-1.19442148277123e-15,-9.817236880784161e-16,-3.982134896257404e-16,-1.8975380096398744e-16
"O8->('6', 'depthN')_tr_1_3",-6.561040100091265e-15,-1.3466627779345122e-14,0.011389783074389202,-1.208230828367498e-07,2.1966886407173282e-15,-4.865607614734171e-15,1.924861695752037e-15,4.432333099048424e-15,-3.691530639267282e-15,-3.2079594063701783e-15
"O8->('6', 'depthN')_tr_1_4",-7.977547677342167e-14,-1.2004663488158224e-13,0.012192438508261634,-1.3066939087641573e-07,4.155618931263934e-14,-3.6046309814354703e-14,2.4204552472825075e-14,7.385071763785579e-15,1.9865391023044953e-15,-6.185491746154207e-14
"O7->('6', 'depthN')_tr_1_0",-6.886399251046221e-17,3.6178644692466345e-18,-8.538358803150603e-05,6.316745740485659e-10,3.4021008179298097e-17,-3.7624441534441805e-17,-4.7300428365662816e-17,-8.389700945393977e-17,1.0604355473466716e-16,4.795282257365433e-17
"O7->('6', 'depthN')_tr_1_1",-4.0445882781929296e-16,-1.5366788608765285e-16,-0.0014953862900363843,1.17184057845384e-08,-2.553384593884581e-16,6.429474619333558e-16,-2.5968144083971117e-16,2.693739201302554e-16,3.9328401295243186e-16,-3.700658783255427e-16
"O7->('6', 'depthN')_tr_1_2",-1.6299518268656419e-15,3.1916196677943476e-16,-0.022209918747703523,2.3455944537497696e-07,8.66020546780524e-16,7.532912091821512e-16,-5.319816527372095e-16,1.9236939295262267e-15,2.781751820406675e-16,1.1394955950888534e-15
"O7->('6', 'depthN')_tr_1_3",2.8224113143983297e-15,2.433846336325181e-15,-0.024264882283597442,2.5740241071807607e-07,9.194740473859108e-16,-3.3574130565071417e-16,4.0199986099621294e-16,-2.4625466895204163e-15,-2.0094421251894325e-15,3.5955408725377765e-15
"O7->('6', 'depthN')_tr_1_4",-1.8161228627527082e-14,-1.064109333146168e-15,-0.025974865651042515,2.7837881055237057e-07,9.571712587422315e-15,2.1614699027022684e-14,8.136677234537712e-15,-1.009128231383376e-14,1.1860406581184675e-15,8.442801788535179e-15
"O10->('4', 'depthN')_tr_1_0",-2.717382522518673e-10,5.428393583123997e-06,-9.328348176065881e-17,-2.468548776667874e-17,2.881841513017642e-17,1.033288095414755e-16,-1.020842806332176e-17,-5.221995496086114e-17,1.174743443285945e-16,-2.1311508800838644e-17
"O10->('4', 'depthN')_tr_1_1",-4.488636294196197e-09,9.472563391679255e-05,-3.5124665843388736e-16,-4.4660439593081475e-17,-1.1621594117649091e-17,2.4876731386320286e-16,2.7574727884685342e-17,-1.2217624348197549e-15,1.802371798286259e-16,-1.4479035112673214e-16
"O10->('4', 'depthN')_tr_1_2",-4.752374109742686e-08,0.0013664394393137183,-2.3687361415647275e-15,6.418583530924037e-16,3.0490563174095955e-15,-1.6017731174946675e-17,3.734990733756003e-15,-8.599184558121673e-15,9.424334334015867e-16,-1.6811866082002437e-14
"O10->('4', 'depthN')_tr_1_3",-5.1559226543401697e-08,0.0014921079122490592,-2.447905751784564e-15,-7.672862763086702e-16,4.503825774739817e-15,1.0602935499374902e-14,1.2282488456482506e-15,-4.394459398212606e-15,1.616026502094919e-14,-7.562676417010533e-15
"O10->('4', 'depthN')_tr_1_4",-5.4293926489106264e-08,0.0015953664734887824,1.0156622582984496e-13,-1.183420063477036e-14,-3.7246986212482724e-15,-1.0750698939446292e-13,5.565423787150294e-15,-2.844957089096104e-14,-9.337103489801792e-14,-1.6412031031297434e-13
"O6->('4', 'depthN')_tr_1_0",-6.011925939695589e-10,1.200976068511088e-05,1.6728494243607906e-17,-1.0757023695495436e-17,3.671322801834629e-17,3.9175157269449884e-17,-2.020803197357015e-17,-4.4820745581643066e-17,4.45290941524953e-18,-2.6424927018701605e-17
"O6->('4', 'depthN')_tr_1_1",-9.930645699363648e-09,0.0002095706909720864,-1.172111416562476e-16,-8.917224491612077e-17,1.186896538405001e-16,2.252986813794405e-17,-6.714236135215474e-17,-3.9256591013343354e-16,-4.977623698876233e-18,1.1039055440272657e-16
"O6->('4', 'depthN')_tr_1_2",-1.0514137712419235e-07,0.0030231062662538113,7.779974894814537e-16,4.042705131312184e-16,2.807903170363278e-16,-9.955399020025765e-16,-1.9826578887627246e-16,1.7280273313335606e-15,-4.648108731129928e-16,1.7078411105747141e-15
"O6->('4', 'depthN')_tr_1_3",-1.1406944777397525e-07,0.00330113479579077,2.9169994100879233e-15,3.4789678360230013e-15,4.665380289705896e-15,-2.3374392108285078e-14,-4.393091084141666e-15,3.49391773726074e-15,-1.544443038413169e-15,-6.959974778557389e-15
"O6->('4', 'depthN')_tr_1_4",-1.2011963001986327e-07,0.0035295837084095513,1.763391695924006e-14,1.279105326961578e-14,-8.698695214472396e-15,-1.620186463327098e-13,-1.9874859946795327e-14,-2.7057550819816056e-14,6.116104529624526e-15,-3.189383748794609e-14
"O4->('1', 'depthN')_tr_1_0",1.649822754669987e-05,-8.331964938634333e-10,-5.582108930626277e-17,-5.692175536115626e-18,-7.355036212482326e-18,-2.053118920082905e-17,-5.065951740100887e-18,-1.2752106898641385e-17,-3.9829758389118586e-17,3.993390624726685e-18
"O4->('1', 'depthN')_tr_1_1",0.00028770861653735683,-1.3828829324584302e-08,-4.106538953006582e-17,-4.2087758721900676e-17,-1.3539213073794911e-17,-3.489091867682553e-16,-2.4447040099767735e-16,-8.42825188549831e-17,5.367971922804299e-16,1.7114365100712808e-17
"O4->('1', 'depthN')_tr_1_2",0.004129156009500926,-1.515471852840478e-07,-6.056957793482365e-16,-7.774252006597592e-17,9.558211302412634e-17,2.9519364505105965e-19,-9.282863694535728e-16,1.0709195867544242e-15,-1.874759647037608e-16,2.722351687437464e-15
"O4->('1', 'depthN')_tr_1_3",0.004508497160026349,-1.645518582263105e-07,3.0646223173157332e-15,-4.754809689624369e-15,-7.379168950319058e-16,-9.214320826660827e-15,3.140585058039863e-15,4.30724473408652e-15,-9.909203424743027e-16,-8.30731351759939e-15
"O4->('1', 'depthN')_tr_1_4",0.004819484261473485,-1.7362028099173042e-07,4.9704696685872747e-14,-4.2275334536251334e-14,4.055183172257725e-14,-9.713780930655342e-14,-2.2249307036304636e-14,3.4063689495342253e-14,4.874885610578471e-15,-1.145594819516429e-13
"('1', 'depthN')",1.0234956085471483,-1.636987025631874e-05,8.349543859661875e-17,1.5316829274868905e-17,-6.896967919934322e-17,-3.858910329672052e-17,1.782093961047121e-16,1.7768997969861272e-16,1.3150156834104246e-16,-0.07995509911681156
"('4', 'depthN')",-1.4763169773457585e-05,1.019555168537714,-7.15639961861999e-17,-1.8085847716622592e-16,-8.553359042589722e-17,1.59858736909846e-17,1.0541961684821837e-16,2.2195869791128082e-16,2.8203003481108484e-16,-0.07885188256527699
"('6', 'depthN')",3.6601857241045466e-17,-1.1637579252737626e-16,0.9993329374080427,1.3381623360233687e-05,6.180492562583587e-17,4.178147014819603e-17,7.401546132273313e-17,0.00036628905035865665,-7.091097560907316e-17,-8.93596598736155e-17
"('7', 'depthN')",2.804515608315459e-16,-2.3611665119407685e-16,2.5927074547639114e-06,1.0148277276502533,1.3744266794410627e-16,1.9665940586742328e-16,-3.9784536792310633e-16,0.09195660412257319,9.856849588724508e-19,-1.7474333790058933e-17
"('8', 'depthN')",-1.2910586607786288e-16,-1.3315144819485892e-17,4.868293394529086e-18,-4.644239116652827e-17,1.0809137600628795,-5.601375104860816e-17,0.11410491822841513,3.990101297545218e-17,-9.15525415954171e-17,2.216141687560343e-16
"('10', 'depthN')",4.11835021634734e-17,1.2977202967559433e-16,3.2357556732151665e-16,2.1482716101185137e-16,3.2965231892493653e-16,1.0638195144056397,8.114019641901517e-17,-4.314000023773554e-16,-0.07382363543039441,8.700845884835574e-18
raingage_J_06H00M,0.0,0.0,0.0,0.0,0.0,0.0,0.0,0.0,0.0,0.0
raingage_J_5H55M,-8.536940033975714e-16,-2.344663930974886e-16,6.321931201038248e-17,-9.64986638899635e-17,2.662478931869078e-16,1.0062617845001873e-16,5.365959449614242e-16,2.7498596962267288e-17,-2.2418412372389814e-16,-7.152030291942478e-17
raingage_J_5H50M,1.667781115512933e-16,2.5800938036373335e-16,-1.6023562242352762e-16,5.185367969456748e-16,9.039446882314565e-16,-2.0844871089684773e-16,3.7152437877160367e-16,-3.5663104849704164e-16,-1.7567418934193432e-17,-5.968750063232907e-16
raingage_J_5H45M,2.944875721849477e-16,7.657229857553632e-16,-5.112132697682886e-16,1.268328037013694e-15,-6.520785960766265e-16,6.053337088411889e-16,-5.851373548975415e-16,4.732178561928817e-16,-7.066306973676268e-16,-2.586646740622085e-16
raingage_J_5H40M,1.4971097907013003e-15,6.949700116120818e-16,1.9252346336150934e-15,-6.187172913850523e-16,5.916965314909136e-16,-1.730620604974941e-15,1.9269935820538773e-16,-1.3593711682753959e-16,6.468683013462707e-16,-4.7708213190544615e-16
raingage_J_5H35M,-7.488911761297692e-16,-7.780246991317354e-16,-1.0805991266144967e-15,-1.2869815498829738e-15,-5.858159147110998e-16,-6.32971080647868e-16,7.134651161900825e-16,2.0734658106883215e-15,-6.525807044920829e-17,-8.448290740159497e-16
raingage_J_5H30M,-1.355493794889485e-15,-2.4570808028024925e-16,-2.031004791446594e-15,-1.1607025080527498e-15,-1.4806646048987973e-15,3.280825254057929e-15,1.1110207978029897e-17,1.3077152546030349e-15,7.052519039854177e-16,3.798968792172283e-15
raingage_J_5H25M,-9.967522080996176e-16,-1.2455240273965567e-15,-1.4433637296500735e-16,1.243197102558525e-15,3.985523138590582e-15,5.513147045533761e-16,-3.3927303566538565e-15,-1.8422991208173926e-15,-1.4794838875755415e-15,-2.5558028645421983e-17
raingage_J_5H20M,2.553691625260134e-16,1.7168864780734948e-16,-1.2968716098604698e-15,8.642561388516311e-16,2.9687788296837684e-15,2.349779496334276e-16,-1.687939183205009e-15,1.509952943817164e-15,1.1695998345090563e-15,1.912305822980657e-15
raingage_J_5H15M,-5.421683842814421e-16,5.695241507820858e-16,-3.204887326154314e-15,-2.046295538807742e-15,-1.7687085254776915e-15,5.983937985285183e-16,1.1774451104027509e-15,-7.866736612625256e-16,2.412143391705085e-15,9.439213109701375e-16
raingage_J_5H10M,1.5963859909343997e-15,-1.898963373935357e-15,2.0446459222804282e-15,-5.629416363794037e-16,-7.897493918875953e-15,6.0683413138167134e-15,-1.5847829710481858e-16,-3.1082862601852267e-15,-6.320546496455689e-16,-9.091937881284971e-16
raingage_J_5H5M,2.52393634003372e-15,7.327114831579443e-16,2.78210342477277e-16,2.955324815978069e-17,-6.617970149149459e-15,1.501196484084794e-16,3.040848837680498e-16,-5.831645678758336e-16,3.2027385162137997e-15,-4.051848024739232e-15
raingage_J_5H0M,-2.707025295473906e-15,3.593088367819563e-16,1.0921862220107455e-15,3.4846287119634476e-16,-4.8668337813997614e-15,1.5800372171890194e-15,4.0435063573131555e-15,1.6854821250060428e-15,-2.8960486888434625e-15,-2.714199246953303e-16
raingage_J_4H55M,1.4808222304847087e-15,-1.4112092140399228e-15,7.729585484561584e-16,3.747615481811119e-15,-2.2239291897780023e-15,3.5244073657470514e-15,7.236364290354261e-16,5.289325583757629e-16,4.84156350820695e-15,2.7237829090625845e-15
raingage_J_4H50M,-1.583898101199202e-16,1.1998198849577581e-15,9.460886425674009e-16,-7.239716230815375e-16,-1.7437674541445446e-15,-2.146117048391778e-15,2.8212535326923827e-15,-6.489808139399733e-18,7.756539307081572e-16,-1.4354618928689085e-15
raingage_J_4H45M,-6.4161154693800136e-15,-2.769950465179372e-15,7.247031967901345e-15,6.2019931216230236e-15,-3.646619152718445e-15,-3.853351523320894e-16,-6.486160098056219e-15,-1.0104271308704246e-15,1.4824770540312046e-15,-2.197626440561279e-15
raingage_J_4H40M,5.453949684034849e-15,4.63871054721829e-15,-2.2412032093600345e-16,-1.0249791818243778e-14,-3.372332273900303e-15,2.7826866387423905e-15,4.983575341648211e-15,5.297785051835609e-15,-6.243480470613407e-15,1.0903973636846693e-15
raingage_J_4H35M,-4.146184827640094e-15,-5.15011317412457e-15,4.790386907376216e-15,-1.1451288847001724e-15,-8.671911211211421e-15,-1.9538456114557536e-15,9.925654614532369e-16,4.1792388301901335e-15,-4.2816211946874606e-16,2.835451874640284e-16
raingage_J_4H30M,1.830354029699869e-15,-9.301177011067677e-15,6.597298844807049e-15,-8.014064565398554e-15,3.744100628699002e-15,-5.864965547546337e-15,6.76631924693455e-15,-1.1722260342458808e-14,-4.885930223834102e-15,2.148642711053869e-15
raingage_J_4H25M,-1.8757588401049218e-15,5.1141049259717535e-15,-5.242529988467114e-15,3.394598650190621e-15,5.277947065191987e-15,-2.0745104990759585e-15,7.096869842553247e-15,2.4822808553848644e-15,-6.0101981006393695e-15,-1.1139103018743127e-15
raingage_J_4H20M,3.17677794171816e-16,-6.408584837028845e-16,5.296489260061812e-15,-8.394247278648822e-15,-8.100527721238866e-15,4.53349395587258e-15,-3.884364372212641e-15,-4.621048145243019e-15,-7.512898637600204e-15,-4.733548852019978e-15
raingage_J_4H15M,-3.943718399272375e-15,-5.681461707190849e-15,5.39328247365891e-16,-3.256200529509948e-15,5.878809563415255e-15,9.104668453809214e-16,-3.5291214016209307e-15,-5.850433576154043e-15,-6.950341554670559e-15,2.310658410591128e-15
raingage_J_4H10M,-7.867434715693051e-15,7.390156823084062e-17,-2.5174953202190726e-15,-9.421327926004833e-15,-5.8939509787588694e-15,4.110902028718708e-15,-2.1539899400585947e-15,-3.3717838138442358e-15,2.7870234723916246e-15,1.266378653112507e-15
raingage_J_4H5M,5.85087338827957e-15,3.5206215899793197e-15,-1.0569516764653421e-15,-5.257185957672841e-15,9.53733522909337e-16,-3.3826911522696995e-15,6.512932181120023e-15,2.5079919333533807e-15,1.2809370791227758e-15,-8.01730731357211e-15
raingage_J_4H0M,-1.668714504154413e-14,5.6813052861749035e-15,1.4919718515207696e-14,1.1532080616384671e-14,-3.836986255950373e-15,-1.0455970491564204e-14,1.6158081987790499e-15,1.1914022700398965e-14,-1.3660896924625852e-14,-5.2956380877207266e-15
raingage_J_3H55M,-9.819466703581986e-16,3.8508898076889955e-15,-1.437580689096623e-14,6.887547954570019e-15,-3.3775061761345467e-15,-9.08676577550139e-15,-5.8366080765975565e-15,1.0289929054322134e-14,-3.84828626966152e-15,-5.1625305770612965e-15
raingage_J_3H50M,-6.243639625300261e-15,5.811555078831084e-15,9.422213749840068e-15,2.5505614826677192e-15,1.9623615786037823e-14,9.346739886280827e-16,6.496521025658243e-15,1.3593717856567155e-14,-1.1090254103490006e-14,-5.965861610908431e-15
raingage_J_3H45M,-6.536239627714379e-15,-3.476349831115127e-15,9.859555488643897e-15,1.9552798821659675e-16,1.3803449922800825e-14,-9.503897700456158e-16,9.341053922048938e-15,7.909846864865182e-15,-5.049092324055209e-15,8.287738510087037e-15
raingage_J_3H40M,3.633321849414728e-15,8.535101863554657e-15,7.634893186270395e-16,7.24541113144625e-15,1.4311914968011498e-14,-1.3980786767899714e-14,-5.526158441337828e-15,-1.9077761394739673e-15,-9.213185212748491e-15,5.0287137178443916e-15
raingage_J_3H35M,1.0009782665038697e-14,1.1987125837136624e-14,3.3579443680396683e-15,-1.3730883114332999e-14,1.1797635872828282e-15,5.1227206548057695e-15,2.0495059700316154e-14,1.22057232634097e-14,9.336281138688877e-16,-2.774235062266614e-15
raingage_J_3H30M,3.87282612503962e-15,1.4997763487468075e-14,8.297955055710696e-15,-6.892606312317052e-15,4.3129500295236e-15,1.2617848105548598e-15,4.8606468657467424e-15,-4.077520576006409e-15,4.672566407304805e-15,-1.0143772222869762e-15
raingage_J_3H25M,-1.0035368144358953e-14,-3.558019168227721e-15,-1.0897946194517968e-14,-7.341460390469535e-15,-4.598012554262893e-15,-1.6071208176962414e-14,1.2526547420479412e-15,-1.3156556389613858e-14,2.9978336368055994e-15,-1.3799607099223108e-14
raingage_J_3H20M,-5.993841486861743e-15,5.252396518889959e-16,4.50098492688644e-15,4.195803339005213e-15,8.894886167573896e-15,3.475046668965709e-14,-1.3815745593350277e-14,8.827764979933479e-15,-4.14434311010302e-15,5.651399580510957e-15
raingage_J_3H15M,1.1211577459363806e-14,-7.495337057225879e-15,-9.342718728480484e-15,1.916166828682469e-16,1.2559161802549086e-14,-4.625038222269467e-15,-1.5590854357004992e-14,1.8620831036080588e-14,-1.0307706509480963e-15,5.844039341440894e-15
raingage_J_3H10M,8.491732002680856e-15,3.370602546435702e-15,5.190155722233468e-15,1.6537192681871546e-14,8.64614653193331e-15,6.084095930103514e-15,6.894414674941788e-15,-8.331406440234683e-15,-2.852830467190051e-14,1.9114229208336687e-14
raingage_J_3H5M,6.693758814441342e-15,-1.12453312286568e-15,-2.787040960554098e-15,3.297885932036767e-15,7.250362162175488e-15,-4.2234194909701226e-15,3.5902689386720625e-16,-1.0195423644577238e-14,-1.537277982393593e-14,6.687158462430199e-15
raingage_J_3H0M,8.913442181319317e-15,4.030187895028772e-15,1.790319875275529e-14,2.5528406593189728e-14,1.433529931733283e-14,-4.5707897240237345e-15,1.8443744230328503e-15,-1.4130046765283745e-16,5.044329840225182e-15,9.29390511190443e-15
raingage_J_2H55M,9.607067946004844e-15,-8.376235713859443e-15,2.1358334367277952e-14,1.614259943214108e-14,1.9970539654428193e-14,2.1494795077657673e-14,1.7152405025219104e-14,-1.750909917937013e-16,-4.005511438171491e-15,7.812835325612808e-15
raingage_J_2H50M,-6.736687370993625e-15,-3.358703150916771e-14,4.2577801353049294e-14,3.6489252895067655e-15,9.448000893981405e-15,-1.9143725219968747e-15,-2.2378356386809186e-15,2.746729854540776e-14,-9.154604550070963e-15,-3.839380366858629e-15
raingage_J_2H45M,-1.4219831349976813e-14,-4.849507299838609e-15,8.163650387155431e-15,1.7830065588078096e-14,2.3442216003647918e-14,7.835945225711617e-15,1.7005090310056906e-15,-3.988199056318053e-15,-9.951229794207143e-15,8.214347259677246e-16
raingage_J_2H40M,-1.0965244044469122e-14,8.1146920986198e-15,1.3897182370532246e-15,1.9393000924666793e-14,-1.000590282500927e-14,1.3304688209651812e-14,4.543368974437956e-15,1.0481874089222742e-14,-1.973299739603759e-15,-1.677213916749066e-14
raingage_J_2H35M,-2.2086304507002778e-14,-1.4863859884508853e-14,1.4850361922327283e-15,-1.9957110459278855e-14,9.542062438233134e-15,1.0328409789835189e-14,4.071361682556075e-16,2.399033479512476e-14,-1.112864380888872e-14,-2.201765015249553e-14
raingage_J_2H30M,1.0129856226673821e-14,-1.040035221050225e-14,-5.987836884004917e-15,3.893633013247997e-15,1.749168948851769e-14,-6.978885026902458e-15,-1.5559754027223926e-14,-1.5123026472302813e-14,-6.598216454456298e-15,-3.102416953711961e-14
raingage_J_2H25M,2.188608520589493e-15,-1.2317296633162656e-14,-4.8678767734002646e-15,-1.960978018249221e-14,-2.0865446793253343e-15,-8.910898300441667e-15,-1.0275669934602614e-14,4.000692648669051e-15,-4.975344389837012e-15,4.118452254408639e-15
raingage_J_2H20M,1.1997126158888818e-14,4.840823634365969e-15,9.239968240898875e-15,3.824704858984803e-16,2.0112140733045665e-16,-1.8613185623246574e-15,1.764390680259472e-14,1.1757188765992891e-14,1.7715435919568797e-14,-5.222480786280697e-15
raingage_J_2H15M,-2.7036173130269694e-15,2.0801235488992674e-15,-1.4374638397254194e-14,1.5177168110294313e-14,-1.2770054857228033e-15,3.3856072808945323e-15,5.82639738884061e-16,1.0864080181867413e-15,1.8306398273325358e-14,4.585537183522409e-15
raingage_J_2H10M,-1.4650066811269872e-14,-1.4198279068328474e-14,-3.313175049359695e-14,7.281678751306416e-16,5.916097330081175e-15,-2.0265987576542298e-14,-2.2690875934605055e-14,2.0117075689449714e-14,7.453659677066e-15,3.271154570443302e-14
raingage_J_2H5M,-1.2983181462219219e-14,1.0705031141085712e-14,1.804355477481871e-14,4.2760568868669696e-15,1.8922404722189634e-14,1.8318731962600094e-14,-5.725661721173471e-15,-2.601064234180738e-14,-3.230914687149315e-14,5.74416424589522e-14
raingage_J_2H0M,-1.021681093814477e-14,-1.4478843220089014e-14,6.16195089438771e-15,5.9353238546282734e-15,-2.208086013227841e-14,3.323979775039392e-14,-4.473015267241091e-15,-1.1685757843665695e-14,-2.531767303592694e-15,7.642776051510944e-16
raingage_J_1H55M,8.459636631099152e-15,-4.923796459129194e-15,-8.468623855366936e-15,-3.821742351036686e-15,2.1031137628170015e-15,1.4071993561320586e-14,-9.730644148856192e-16,-3.038182046387224e-14,-9.98149961537314e-15,-8.179260060148388e-15
raingage_J_1H50M,1.0317316972166503e-14,-1.2468205552586167e-15,-5.845267255978217e-16,-1.93133709830474e-14,-1.0858471399625882e-14,2.075584176556224e-14,-4.707398867293255e-15,-7.747135646429488e-16,2.5981971464765343e-14,-3.5574929769474695e-14
raingage_J_1H45M,2.2925725366261826e-14,2.4211400682006804e-14,3.848154473107453e-15,-1.0184359646718132e-14,2.8728282179154364e-14,9.811698600350166e-15,-9.927278148494304e-15,-1.3327485169582287e-14,5.964210998711115e-16,4.961815443541003e-15
raingage_J_1H40M,1.190835755592967e-14,-2.6162357476806603e-14,7.904095582228553e-15,1.2625939700327443e-14,2.898684746836567e-14,2.736421082868939e-15,-1.095383700072027e-15,-2.541626594787537e-15,1.3680733963214116e-14,1.2350506098716526e-14
raingage_J_1H35M,-2.4988031692659804e-14,-4.7093420750265255e-14,5.713067399758545e-14,1.2066625270207314e-14,3.248343425821465e-14,9.890336480103469e-15,-6.718800122068924e-15,-2.691738582400986e-14,4.546012256317369e-15,3.448142190044979e-14
raingage_J_1H30M,4.512654558831456e-16,1.1013863642388725e-14,1.6753184071546837e-14,-1.921935078444129e-14,7.38645592719721e-15,8.464326041670306e-15,9.824442786297416e-15,-8.283931570633207e-15,1.2293658501834909e-15,1.737427131793031e-14
raingage_J_1H25M,-1.2888123812708339e-14,4.470754338910623e-14,2.7123725972842933e-14,2.6273657774374933e-15,1.7565701303915772e-14,1.4106651027614186e-14,-4.391849436296267e-15,-1.0109738409118234e-14,-1.608730765303507e-14,-9.724072168958774e-15
raingage_J_1H20M,-1.4943234623838303e-14,-2.228964067983631e-14,2.1863086849088077e-15,-2.992833490021859e-14,1.8230232321023936e-14,1.622318647318533e-14,4.100875800888379e-15,-3.29003684223638e-14,-2.404232319333987e-14,-5.3994300541575757e-14
raingage_J_1H15M,-1.4910852450476266e-14,-7.854598094424872e-15,2.509104215874769e-14,-1.4051594576258232e-14,1.4853342114981313e-14,1.2665993114430784e-14,-1.3765934586915522e-14,-3.119274650186433e-14,-7.139718175590445e-15,2.1392291952831042e-14
raingage_J_1H10M,4.45930797631442e-14,-6.808922061244128e-16,-7.579169753522463e-16,-1.568434921942167e-14,2.824005200361172e-14,2.8816006501008575e-14,3.409316263056727e-14,-4.584527189183418e-14,-4.2362550169774085e-14,2.616662232768139e-14
raingage_J_1H5M,8.279052212900549e-15,1.760237389325345e-14,-4.205454552148543e-16,-5.9087483385761044e-15,-1.3086727656385505e-15,2.4796300285730888e-14,-1.7942349128663476e-14,1.7569449849563095e-15,-7.106377770487448e-14,1.4564378965175572e-15
raingage_J_1H0M,-5.663933229453803e-14,5.858322528312004e-14,-2.9335646677077434e-14,-6.608419719470958e-15,2.9057185016732396e-14,2.3029569488399604e-14,-3.594154738516884e-14,-4.2793687725497766e-14,-1.1877599383751217e-14,-3.837677748133415e-14
raingage_J_0H55M,2.209802282866123e-15,3.195169263267617e-14,3.7092544802713314e-14,2.875987737256967e-14,2.4015798316822078e-14,4.626755318387801e-14,-3.382494904645461e-14,-2.427563594767876e-14,2.386637027972438e-14,1.6328967483902578e-14
raingage_J_0H50M,3.1461012855038452e-15,-2.985367967187197e-14,2.340192955871904e-15,2.1860397570896184e-14,-1.3885604983341282e-14,-9.477008855119895e-15,5.698423172717128e-14,4.0529432639586365e-14,-5.80580939591978e-14,-7.213560828918605e-14
raingage_J_0H45M,6.02958313540327e-14,2.059303182908699e-14,6.171320011938705e-15,-1.4838064428632948e-14,-4.2080094657065886e-14,3.645079381445879e-14,-1.7566261950690743e-14,-3.0947791340631524e-14,-2.619875994471921e-14,1.0897913974421247e-15
raingage_J_0H40M,-1.728066539752434e-14,3.469482256604891e-14,2.5533335128813626e-14,-9.612747209962045e-15,7.147292631655782e-14,-7.962027968975002e-15,-3.0016874355469166e-15,4.0642447427409205e-14,-4.3252235264842246e-14,-1.2041719882694438e-13
raingage_J_0H35M,-1.36752948228847e-14,1.1326200052370784e-14,4.8331174846128115e-14,3.25537768719547e-14,-3.553624326905899e-14,3.0121347420481245e-14,-3.7661063766863177e-14,-7.272323226771049e-15,-4.652821758175047e-15,5.981241233262322e-14
raingage_J_0H30M,-1.2304985150199017e-14,1.368064484741933e-14,2.5910057419242595e-14,5.235003761228992e-14,7.740684198936245e-14,1.475579304933796e-14,1.3774406880849104e-15,9.169741925282111e-15,5.6542541542747733e-14,-5.272873450570758e-14
raingage_J_0H25M,1.6999408000494483e-14,2.2486209186533925e-14,-1.49438919328605e-14,4.1813066534920904e-14,-3.0350900499212815e-14,-4.059188458692867e-15,-2.982014720853933e-14,1.4820244906104316e-14,2.6439259000782998e-14,-3.9226301667556764e-14
raingage_J_0H20M,5.687411215834293e-14,2.971663004963496e-14,-4.9226792484549235e-15,3.9811538189453343e-14,3.338602872541724e-15,2.7844310121307576e-14,-8.419668766365756e-15,5.2432829712432526e-14,-3.487370515715848e-14,3.977232155247461e-14
raingage_J_0H15M,5.577863320340231e-14,1.992792206272163e-14,-1.878390962622758e-14,-2.8547062029383864e-14,-1.5963412021399682e-15,-3.599428043480352e-15,2.3545259623901412e-14,-2.378820843651888e-14,3.2526010087365386e-14,3.943831514422381e-14
raingage_J_0H10M,-8.696891206211837e-16,-4.4369272171852916e-14,3.217263808447462e-14,1.0857887739228656e-14,1.3479422237970014e-14,2.4884281433502704e-14,-9.290554666046979e-14,1.4278654974624704e-14,8.4073362147947e-14,-1.504001564200124e-14
raingage_J_0H5M,-3.764833091066458e-14,-2.5010249722360595e-14,1.3578651008380603e-14,6.2638050351320415e-15,-4.125358640280825e-14,2.8311788631227354e-14,9.006702341216064e-14,9.486204086008212e-14,5.1052719660362416e-14,-6.604871657992078e-14
raingage_J,2.3788553136638223e-14,1.23220538685004e-15,8.4841538365849e-16,1.7310824060152765e-14,-6.678729919778277e-15,-3.724479132774424e-15,-1.8589516803020197e-13,-1.5257857725567312e-13,7.909380843993486e-14,-1.150006507233802e-13
"raingage_J->('8', 'depthN')_tr_1_0",1.216722899008265e-16,-2.500105650802967e-17,-1.1059137392505238e-17,-3.559824506367376e-17,0.0011749257960663442,-4.3911569285728163e-17,0.36742581281167225,-5.908798069176883e-17,-3.6937023694592926e-17,7.008589633968236e-17
"raingage_J->('8', 'depthN')_tr_1_1",2.659731359327321e-16,-3.535226095532742e-17,-4.936596116257525e-19,-1.2793282563688227e-16,0.02007828840735755,-2.3755282170369774e-16,0.2272650774530163,-5.957208844083087e-18,-1.2775069188276925e-16,2.2429409484055296e-16
"raingage_J->('8', 'depthN')_tr_1_2",-1.3303547622865184e-15,4.7286170478426137e-17,6.102944512692253e-17,1.7355295463239155e-16,0.2652203329623517,5.33163994331549e-16,0.024178866045708316,2.4212099207458945e-16,5.777857493008788e-17,8.948190260946019e-17
"raingage_J->('8', 'depthN')_tr_1_3",-2.0573528960890624e-15,-1.0476516542490306e-16,-1.1435420434755477e-16,2.3791424615584317e-16,0.28914788765808896,7.117229718386186e-16,0.01139192706178203,-3.3000484450176966e-16,2.2773098116869825e-16,3.6766789228484356e-16
"raingage_J->('8', 'depthN')_tr_1_4",-4.9841093558237686e-15,3.069846672096358e-15,-8.09381609870252e-16,1.5615477930733949e-15,0.3080181936476027,-7.629885266231476e-16,0.004651835893575937,3.1896618003291628e-15,-2.426082746249101e-15,-1.498669400686775e-15
raingage_C_06H00M,0.0,0.0,0.0,0.0,0.0,0.0,0.0,0.0,0.0,0.0
raingage_C_5H55M,-9.54237911576412e-16,7.508646793971771e-17,-1.8034978952352414e-16,-2.943492297137067e-16,-7.061566876546114e-17,6.00106080460741e-16,-1.5066149144847592e-16,-2.6041830400849334e-17,3.975357622270919e-16,6.33470613617992e-16
raingage_C_5H50M,4.1453802492216407e-16,1.8672512033255518e-16,2.640362140804735e-16,4.354485471188641e-16,-1.976256286392277e-16,7.445419129460896e-18,3.5079654487317746e-17,-6.172379779036386e-16,-4.914679969909699e-16,-4.501392687024743e-16
raingage_C_5H45M,-1.0244232465411729e-15,-8.254246096072565e-16,4.452269964361112e-16,1.1803982591979478e-16,-4.258798546498557e-16,-1.5350177731611764e-16,2.810133245239425e-16,7.819299649095679e-16,-7.761548904898644e-16,-9.520054380577772e-16
raingage_C_5H40M,3.9009472154530365e-16,-4.112236397622096e-16,-1.4916185485332465e-15,1.3231826777386904e-15,-1.510494864646073e-15,-2.7240638417530038e-17,3.705535851402513e-16,7.075893744396848e-16,8.348490096980667e-16,1.740277416438769e-16
raingage_C_5H35M,-7.053006856644269e-16,-2.018459366595014e-15,-1.4029696474787694e-15,2.137265221982682e-15,8.402191656485836e-16,4.3368077962617073e-16,8.614792136243398e-16,3.48543704012942e-16,2.3981391744447497e-15,-7.178487598195007e-16
raingage_C_5H30M,5.377119047356057e-16,6.871325098740968e-16,-1.3106590605132253e-15,1.0803835658430525e-15,5.728966034656242e-16,-4.3428813838447424e-16,4.780306413222051e-16,-5.616384872250653e-16,2.1103292937034056e-15,2.303560679848424e-15
raingage_C_5H25M,-4.8794116829264845e-15,-1.7049706473003922e-16,-2.3303322430216135e-15,3.4418546272895805e-15,5.356138701483435e-16,1.5180070409687673e-15,1.6039949213137086e-15,5.306377285932344e-16,1.5474808823315741e-15,-1.2990177081496494e-15
raingage_C_5H20M,-2.0413751132207575e-15,1.61578918308278e-15,1.0035760362873375e-15,-4.9145712750902803e-17,3.3012322113261203e-15,1.8692206954849648e-15,2.178971174344163e-15,8.100975151539714e-16,1.819754192810215e-15,1.7127522612038201e-15
raingage_C_5H15M,-3.0445015048117847e-15,-1.8565508128210384e-15,3.771186439238473e-15,2.859776757289909e-15,-3.027390631014522e-15,1.0507147319413914e-15,7.777515535902937e-16,6.116533860424822e-16,-6.32774266183933e-16,2.509854455866292e-15
raingage_C_5H10M,-3.805441787412965e-15,-1.364396790587478e-15,1.7668063131736043e-17,-1.8817188182432533e-15,3.511426638171026e-15,-4.0529056825090957e-16,-2.078989574768633e-15,1.670845783844853e-15,-9.892087188954204e-16,3.7536615898969385e-15
raingage_C_5H5M,1.6224710711877136e-15,-1.0320698434772072e-15,-1.768005283487408e-15,-1.2634613743657978e-15,1.7241902536284335e-15,-2.8065983307004195e-15,-2.2192632126566405e-15,-8.656270536410637e-16,3.0825166916377538e-15,-4.172125315175949e-15
raingage_C_5H0M,2.6020203909298978e-15,3.698996422384061e-15,1.7732625761102865e-15,4.470878505980765e-15,2.1803668666072466e-16,1.792755051472905e-17,4.183789901803845e-15,-3.2434459839295416e-15,-2.970573669412327e-15,4.857225468176964e-15
raingage_C_4H55M,-2.9105505297808977e-15,-7.05157310773325e-15,7.198940824348806e-15,-5.877669347939116e-15,3.734469877394971e-15,-2.8812314602749727e-15,8.774315217503868e-16,-6.192881755850176e-17,-5.085267046528507e-15,-7.447113198638672e-16
raingage_C_4H50M,-9.727942056418456e-16,-1.1379425273070449e-15,-5.841440910846993e-15,-8.876759555683677e-16,-5.475443034708786e-15,5.814171802109072e-17,5.186092976894003e-15,-2.5469430508505535e-15,8.353532380063701e-16,-5.835850838882782e-15
raingage_C_4H45M,5.306884845735755e-15,9.971932036921789e-15,-2.339971798260289e-15,-1.6939419333025791e-15,-4.590590738263885e-15,1.3843790998063974e-15,-5.701102335131773e-15,-2.9173299563857233e-15,-5.308773703233967e-16,1.3761048657431613e-15
raingage_C_4H40M,-1.2291407521971526e-16,5.0380378459563705e-15,3.075227412462148e-15,3.1014554367910548e-15,6.353141766035161e-15,1.7981098648525382e-15,-9.207995744039434e-16,-6.107081957462834e-15,1.4445878864896872e-15,3.4910759009934996e-15
raingage_C_4H35M,-2.3508835369132407e-16,6.3742825037424195e-15,4.991112133466766e-16,-1.015291203765634e-15,-4.420056519515175e-15,-4.169744125323478e-16,-8.114543336330781e-15,-4.395521083728207e-15,3.88673601345848e-15,2.6046288688583385e-15
raingage_C_4H30M,7.177330783922042e-16,2.4244420467339684e-15,5.305120423775543e-15,-3.5888639831277915e-15,4.21615436535479e-15,-3.1614964557151904e-15,-7.375658503291538e-15,-1.7384850253840097e-15,-3.560723576484948e-15,6.536592014753471e-15
raingage_C_4H25M,1.827968372786106e-15,1.4490412593461396e-15,3.077172534890194e-15,8.161979609443382e-15,2.0154912866842813e-16,6.948077033029305e-15,1.6368236721406723e-16,4.81437938351771e-15,4.619818285900596e-15,1.0386819252069064e-14
raingage_C_4H20M,-7.049978055589391e-15,1.5158813089305281e-15,-7.20277520952356e-15,1.2015168020453943e-14,-2.3014524371768845e-15,-1.4761944237269095e-15,3.0307640794514384e-15,-3.3107164780942794e-15,8.176201291060335e-15,-4.223136704045762e-15
raingage_C_4H15M,-8.415295399052747e-15,-6.321449966635602e-15,1.7792415061218117e-15,-5.441821563490329e-15,-2.5837821978750106e-15,9.0760544846832e-15,4.104876701028425e-15,-6.522756837316194e-15,4.468402514245555e-15,5.619211242328373e-15
raingage_C_4H10M,-5.182155404886683e-16,4.584944677214427e-15,-4.7778281065677176e-15,1.7406670989243675e-15,-1.5557203715335922e-15,2.385820451674834e-15,3.0175526000208553e-15,-1.462411542454413e-14,-3.846281988969167e-15,-4.928258525235587e-16
raingage_C_4H5M,-3.906221303076804e-15,4.1898811155842146e-15,2.3847819978684202e-15,5.4183318628420255e-15,-1.467172192230033e-14,5.096438790041643e-15,1.7262682275892033e-15,-1.882520159470587e-14,4.018540243316045e-15,-2.4598193408968563e-15
raingage_C_4H0M,5.431621837259934e-15,2.156055083218575e-15,1.337385524681123e-14,-4.1057251904428276e-16,-1.9544367804233912e-14,3.0636836553280354e-15,9.301313326601831e-15,-1.6860945607360256e-14,-8.180979808678666e-15,4.65568703941453e-15
raingage_C_3H55M,9.244386025712403e-15,1.1163153117608592e-14,1.5449732559503829e-15,-2.1527774268683296e-14,-2.0101230291590825e-14,-2.1913015848581632e-15,-7.001228964444967e-15,-1.2940055898358932e-14,1.1333135074195107e-14,7.630183132070842e-15
raingage_C_3H50M,1.0878679290378737e-15,3.70761222080094e-15,1.3251445747077894e-15,-2.164764562535947e-15,-1.017092277260894e-14,4.77520554575883e-15,-2.507967972176863e-15,-7.038467995139473e-15,-2.0990429249866013e-15,6.01010211224705e-15
raingage_C_3H45M,1.0687582758784403e-14,-1.3347968609165935e-15,6.501107333306203e-16,-9.982511377376587e-15,-1.0714525559159092e-14,-1.4735991279652584e-14,-1.8592833803572098e-14,1.3446415000763466e-16,2.164267773849857e-14,9.845377006714508e-15
raingage_C_3H40M,-1.6908868790798471e-15,-1.2456967875810303e-14,7.765569357823652e-15,1.1910071020860936e-14,-9.123117030632137e-15,-4.1589091649200305e-15,-3.321375703004882e-15,-1.5769610919290902e-14,-6.311862813983874e-15,2.2977448065734163e-14
raingage_C_3H35M,1.1789055417973668e-14,-4.764447461689765e-15,9.067635887504856e-15,-3.1891690934181945e-15,1.005626778452445e-14,-9.50613912154126e-15,-1.043954442372276e-14,6.205794058419267e-15,-1.5127142717955627e-14,-1.5241376393067115e-15
raingage_C_3H30M,1.5651183460531134e-14,-6.6014205920908646e-15,8.502881381728969e-15,8.15067766321329e-15,-7.370223973474364e-15,-9.24062314568374e-15,1.5600941511081657e-15,4.081267311113502e-15,1.074466917212651e-15,-3.4774515655699073e-15
raingage_C_3H25M,6.613119351421827e-15,3.8337516290939666e-15,-2.9377109850203005e-15,-1.3255779060903958e-14,-1.7966472988293077e-15,-9.512383054016348e-15,-3.3169400298502874e-15,-6.058868995078187e-15,-4.1795430000871805e-15,9.078175307868067e-15
raingage_C_3H20M,-8.20925651422086e-16,5.45398783589994e-15,1.594616386314682e-14,1.8034868295168537e-15,2.095105888016602e-15,1.7823626508683082e-15,-6.887654621881114e-15,-5.9123624591742836e-15,-6.721820490437079e-15,-1.362378538269762e-14
raingage_C_3H15M,-7.473644595894328e-15,2.954917506215501e-14,1.9698904057031615e-15,-5.021607024970254e-15,3.4538494105399157e-15,9.259934525114424e-15,3.6317278837845103e-16,5.499038442285369e-15,8.378894644096548e-15,-1.3703021782913342e-14
raingage_C_3H10M,-4.951622033318075e-15,-1.94402282637336e-14,-1.2039117107201286e-15,9.154547303768052e-15,6.550588996535569e-15,6.330243556615696e-15,1.4809940228638194e-15,-5.688928387871897e-15,-7.131862313661466e-15,2.1437611614606408e-15
raingage_C_3H5M,9.399363885066326e-16,-7.657398866728645e-15,6.544447333446313e-16,1.5708089306597048e-14,-9.182192199581206e-15,-6.66569291056383e-15,1.3094465490267879e-15,-4.717012897332099e-15,2.7400665678112437e-15,-4.4781314087916605e-15
raingage_C_3H0M,-1.4357732372858328e-14,-6.585783725371545e-15,9.57178356118296e-15,1.5846407971200054e-14,-6.245959975586483e-15,-1.591265843794301e-14,-9.750320334141995e-15,-1.6328558867333632e-14,9.503475619696648e-15,-1.061450890649554e-14
raingage_C_2H55M,-2.3795578160144987e-15,2.3155588876902227e-14,-7.484422016229993e-15,8.220363258580525e-15,1.3437697457429863e-15,3.841953932818596e-16,2.3177480110400916e-15,-1.7120076100486244e-14,9.341431989989804e-15,-8.970109303153484e-15
raingage_C_2H50M,1.330818726454985e-15,1.2335213935960243e-14,2.417690164177498e-15,-1.1563379263613356e-15,-3.6060247784221694e-15,-1.829993224076748e-14,-1.4886966884247398e-14,3.727680360805924e-15,5.240642212763518e-15,-9.4441062507167e-15
raingage_C_2H45M,2.1898798859572827e-15,2.0769154388866308e-14,-1.844374271521347e-14,1.3644864672028602e-15,8.422919705650682e-15,-1.8544058031527158e-14,-1.5185247186265954e-14,-9.955419553210816e-15,1.1092040744068512e-14,-5.424315148917527e-15
raingage_C_2H40M,5.634269886050675e-15,1.2364829954721085e-14,-2.0153997184131095e-14,-6.94021454595646e-15,8.138439766035099e-16,2.363105405857325e-14,-7.94943721200804e-15,-1.099510273845104e-14,1.72264786896547e-14,1.3956271499957817e-14
raingage_C_2H35M,3.385910865352388e-14,3.2044926283531394e-14,7.84141960807167e-16,-7.607675757538714e-15,1.0066622085064226e-14,-1.3829472611885213e-14,-1.0641309886571907e-14,-1.6118323158102714e-14,6.367253424994185e-15,1.1340429876141136e-14
raingage_C_2H30M,3.800289300197845e-14,1.920865815762263e-14,-2.903501413698675e-14,-1.8506506293232633e-14,7.38437805667296e-15,5.317474285344345e-15,-9.844832192552678e-15,-1.3660023389811876e-14,-1.52094557858984e-14,2.4094608537830514e-14
raingage_C_2H25M,1.1702170379022284e-15,2.4313349322915818e-14,1.805178708104997e-14,-5.6426586774822206e-15,2.0315229277446403e-14,9.226307893123876e-15,-2.979819552947407e-14,-1.9134862397246744e-14,-6.734306541742065e-15,-3.936753480163228e-15
raingage_C_2H20M,3.202543202514495e-14,6.689703359794544e-16,2.905907470340283e-14,-2.4487880366938415e-14,1.5380235785502265e-14,7.326160029496278e-15,-9.006264525076455e-15,-7.131116039037354e-15,-7.400016053348477e-15,1.4433982636306554e-14
raingage_C_2H15M,2.7134850668243102e-14,-7.767789719986522e-15,2.6425862804136958e-14,-1.4860169482564433e-14,4.23425864469632e-14,-9.527686889092292e-15,9.024153083733111e-15,2.11649244818899e-15,-2.1504387435402325e-14,-2.897815188532468e-14
raingage_C_2H10M,-3.173712947015066e-15,3.1507472496498016e-15,6.589579594478865e-15,-3.9959693211715335e-14,-2.56863139588622e-14,8.420101760071415e-15,-4.770480988108452e-15,-8.410508309909502e-15,8.164958745900733e-15,1.4106226305765906e-14
raingage_C_2H5M,1.8876967685512797e-14,6.0581496555930894e-15,3.08303450387084e-16,-1.1104645168805289e-14,-2.6235384739840027e-14,1.0854886550760439e-15,-8.08256663734002e-15,-8.174795876313697e-15,-2.0585177372497347e-14,-1.613677566459551e-14
raingage_C_2H0M,1.7342826382542623e-14,6.468118462461649e-15,1.3363373884783063e-14,-1.522893796083122e-14,-8.163200482933658e-15,1.9056724170699927e-15,-2.3178332393152835e-14,-1.8434297605379416e-14,4.522050422395636e-15,-8.414274167702256e-15
raingage_C_1H55M,2.707164775435431e-14,1.5554791709347484e-14,-1.9298831919016118e-16,-2.6578810546313116e-15,-4.648373849330649e-15,-5.380312210014389e-15,-1.0979319235697911e-14,2.789399637611989e-14,5.789854422728902e-16,-3.2011130361653224e-14
raingage_C_1H50M,2.253156715007898e-14,1.0552367309739303e-14,1.3047783322286034e-14,8.347019284209093e-15,-1.1327240446913593e-14,-1.7247815341086354e-14,-3.0057628811195607e-14,-2.7940345390089147e-15,2.4563531382552028e-14,-9.492768135481302e-15
raingage_C_1H45M,5.889341237422432e-15,-9.940154647766276e-15,-9.640836195990236e-15,-1.0313240049918643e-14,1.9064082063825398e-14,1.1775834632747322e-14,8.075260272510335e-15,-1.64101357485141e-14,7.400699978015916e-15,-1.2083697981317042e-14
raingage_C_1H40M,1.8409746525225445e-14,-1.5684777636600091e-15,-4.8365705123211454e-15,-7.484707623058783e-15,2.5957416519670345e-15,-1.0498211043026321e-14,-3.3903324686797963e-15,-6.193748941312664e-15,1.1161669175451722e-14,3.470699036290722e-14
raingage_C_1H35M,1.6148260068987809e-15,-1.3907113972441062e-14,2.5276477200829245e-14,-2.3599758695200977e-15,-1.2168746999368833e-14,-8.115717209116319e-15,-1.9691701949092975e-15,1.502986776110935e-16,-2.1010027118838596e-14,4.210346317166306e-14
raingage_C_1H30M,1.6018022652188785e-14,-1.3154390275266982e-14,3.550743407799091e-14,-8.000548603821922e-15,-6.687699285361395e-16,-4.005763818822553e-15,1.2594575154748092e-14,1.262454118383478e-14,-4.597248002085226e-15,1.9605915934341874e-14
raingage_C_1H25M,2.3771934932212104e-14,3.165180361552991e-14,1.082862462133804e-14,-1.0607570166656735e-15,-5.0831494002048205e-15,-1.9162851590358026e-14,-6.9919990910911045e-15,-4.535824858196033e-15,4.743584187965373e-15,-7.864801945873148e-15
raingage_C_1H20M,-2.7794918261441162e-14,1.2303126311944417e-14,-2.264874580569769e-14,-5.896718261509924e-15,1.078506612275534e-14,-2.2808348974683674e-14,3.487733658213753e-15,8.262116847238646e-15,2.705308278356498e-14,2.400543867790183e-16
raingage_C_1H15M,-2.1603857884997573e-14,-4.021560565321233e-15,-1.0159947744880426e-14,-8.801681060606042e-15,4.788720799895215e-14,-2.84538445343584e-14,-1.8187760665211892e-14,3.5527934025048127e-14,2.8374386592929405e-15,1.801634387183291e-15
raingage_C_1H10M,-2.4035863172544253e-14,-2.3029816495685154e-14,3.4240900810533786e-15,9.541243957484106e-15,-1.2428645094771498e-14,4.196200207317798e-15,2.2784047197229825e-14,2.8370135136417058e-14,-6.602631759734881e-15,-8.255525473925271e-15
raingage_C_1H5M,3.027245411395526e-14,2.2920842075166913e-14,2.166739564551087e-14,5.9705762854409685e-15,-1.645218056366848e-14,7.833100238465645e-15,1.2276455758586287e-14,-9.222951437772545e-15,-2.9406347112212617e-14,4.793324939195422e-14
raingage_C_1H0M,-8.057074790450407e-15,-1.6650171515314142e-14,2.0855500880595052e-14,4.608245503418393e-14,-1.1628555661231468e-14,-2.149325463099373e-14,5.107848633705422e-14,2.9619989595265066e-15,-5.686031586467753e-14,-2.2209319024377645e-14
raingage_C_0H55M,-1.908287929334129e-14,-6.48105200501643e-16,2.9291082628049897e-15,-1.7392480653252517e-14,-2.2291472159836064e-14,1.505270514178284e-14,-3.3498097629206466e-15,9.714938109816399e-15,3.258578814872991e-14,4.531484344939495e-14
raingage_C_0H50M,-6.424024958381697e-14,1.838198540954298e-14,4.8503090448582976e-15,-3.693778199689826e-15,-3.0196301865220417e-15,6.774593087323788e-15,8.579808794617884e-15,-6.098591202900141e-15,-3.2996483889658307e-15,-4.52482011814121e-14
raingage_C_0H45M,1.4005103437550247e-14,7.189205166705526e-15,-6.005464820518192e-15,3.126604758294089e-14,2.1762092697433793e-14,1.162052701475412e-14,5.033784705549472e-15,-9.934348333640247e-15,5.5471470982417454e-14,4.6523278146043116e-14
raingage_C_0H40M,-2.409520438260977e-16,-4.577763250480973e-15,-1.9597659993160773e-16,2.1998512531276824e-14,-2.9790519907383566e-15,-1.3663832504993832e-14,9.368973664266182e-15,1.8641831594221826e-14,-3.3218189484735356e-14,2.7763015802719557e-15
raingage_C_0H35M,1.8155251258072136e-15,-1.4206585115190381e-14,9.394736136699744e-16,1.4306034903587915e-14,-4.495961896362807e-14,9.576849952870604e-15,4.7592389555922316e-15,-7.959828752255856e-14,3.1251401047196954e-14,5.510729815744453e-14
raingage_C_0H30M,9.617481188516063e-16,3.2653824682586187e-14,5.975145296850317e-15,5.526183914465425e-14,2.6100136258276813e-15,-8.938086499395777e-15,-1.5971999238215748e-14,-5.05971462738788e-14,-5.352636396535559e-14,-7.628435782052566e-15
raingage_C_0H25M,-1.9400694527308114e-14,2.872757262893576e-14,1.0670381408823811e-14,-4.5516507401209963e-14,7.738197489316158e-15,3.332572199136913e-14,8.427702887562787e-14,4.375600061516898e-15,7.113341009234363e-14,2.528383009909194e-14
raingage_C_0H20M,1.1182766122259652e-15,-2.0275661937095924e-14,-1.544161765348347e-14,2.1246390927937267e-14,1.1401327652210996e-14,6.564029460851749e-15,-1.7131569029193435e-13,1.815156045652428e-14,-6.522002633491113e-14,-2.975278843124213e-14
raingage_C_0H15M,-1.9568304709975744e-14,2.2372946929817295e-14,-4.063759634177683e-14,-1.1393575613362246e-14,-2.8968874317187404e-14,-2.0610557523060342e-14,8.726549667407891e-14,-2.4726173853811124e-14,1.3838117554815817e-13,5.892363272206773e-14
raingage_C_0H10M,1.6994986441579814e-14,2.026002235697595e-14,5.0761697439332965e-14,1.8173127092439862e-14,1.844750613451959e-14,-1.5124303237929197e-14,-5.076843811574039e-14,-1.8126169138400136e-14,-1.968997929887153e-14,-3.326209856516419e-14
raingage_C_0H5M,-1.0837435208610177e-14,-4.005338131130756e-14,9.586524253676498e-15,4.8607379086840504e-15,-3.582570120851059e-14,-2.006338435802171e-15,2.2276434191855862e-14,5.1039396137510495e-14,4.085356024302352e-14,2.5334843992896983e-14
raingage_C,2.7329844451643724e-14,5.643590829048076e-14,1.680660307632911e-14,2.692765590658682e-15,4.5128413087044945e-14,-5.958225070760078e-15,-1.305395376098514e-13,-8.157076920841003e-14,-7.618793039200642e-14,-4.0072665924073526e-14
"raingage_C->('7', 'depthN')_tr_1_0",7.089159535074804e-17,-1.0290800553504284e-16,3.5648712012849614e-07,0.0005911613374896231,5.925864570177713e-17,1.2326490439929424e-16,-5.788060264546482e-17,0.3674258128116753,2.529444418320935e-17,3.4166748422260874e-17
"raingage_C->('7', 'depthN')_tr_1_1",3.4750799062689866e-16,-1.9777854695818018e-16,4.657638487902824e-06,0.010146030348464593,2.3831582455478456e-16,5.971757320166599e-16,-3.6379343068416774e-16,0.22726507745301788,1.4410142921930406e-18,2.4473364178129937e-16
"raingage_C->('7', 'depthN')_tr_1_2",1.3828118220747621e-15,-1.3478938611451503e-15,8.462530236463199e-06,0.1463445419878229,1.946340280384359e-16,-1.432631350796419e-16,-2.3888142521695e-15,0.024178866045708812,-2.5285518328307975e-16,-8.550835442388804e-16
"raingage_C->('7', 'depthN')_tr_1_3",2.032651783195194e-15,-1.5792715645195196e-15,8.432986976451593e-06,0.15981113145693054,1.2550131025390736e-15,-4.690331509083364e-16,-2.5596453993030344e-15,0.011391927061781583,1.6428263194800529e-15,-1.3065230582421318e-15
"raingage_C->('7', 'depthN')_tr_1_4",-2.49437753473446e-15,-7.852293046329111e-15,7.854478548977786e-06,0.17090279020630958,6.250973683156923e-15,2.773269906447106e-15,-1.2943571091247613e-15,0.004651835893573915,1.0051200858634384e-14,1.2857262769995115e-15
"raingage_C->('6', 'depthN')_tr_1_0",1.1087692887816594e-16,4.188919854865862e-17,0.0002710795002092518,1.3921193353710327e-05,1.929997228478345e-17,1.19450940072639e-16,9.391541971409426e-17,0.3674258128116755,-1.8768292221130426e-17,9.353081400822394e-17
"raingage_C->('6', 'depthN')_tr_1_1",-2.277459222202715e-16,-5.519422377694241e-16,0.004746054484697307,6.555380818779083e-05,1.0055241394472079e-16,4.3920102624219716e-16,3.9202067282282963e-16,0.22726507745301935,-2.5482612869021235e-17,-1.4896746306987994e-16
"raingage_C->('6', 'depthN')_tr_1_2",2.0770214976099927e-16,-3.4531442030030503e-16,0.07043099746840055,5.037940219028375e-05,7.493447771761509e-16,6.3444084182237e-16,-4.495373129489203e-16,0.024178866045707157,-7.569487620914976e-16,-8.233089941534192e-16
"raingage_C->('6', 'depthN')_tr_1_3",-1.2440506993184688e-15,-2.238861516910173e-15,0.07694681982366369,4.5575614265847114e-05,1.00244669717828e-15,3.436974407478116e-15,1.592531694046124e-15,0.011391927061781344,-9.346612519664465e-16,-2.254487575567911e-15
"raingage_C->('6', 'depthN')_tr_1_4",-1.1448704399039686e-14,-9.287637552831395e-15,0.08236829666112007,3.8622561451292505e-05,5.685390455711626e-15,1.2713295226223398e-14,9.783947804319933e-15,0.004651835893583272,-2.97590223700337e-14,-3.243589416142896e-14
raingage_N_06H00M,0.0,0.0,0.0,0.0,0.0,0.0,0.0,0.0,0.0,0.0
raingage_N_5H55M,1.0219832971898857e-15,6.416575103947776e-16,-2.4003903881291346e-16,3.9902053763141355e-16,7.993174077279746e-17,-4.1533170523744977e-16,-6.257171853590911e-16,4.012918108167722e-17,3.4976903100462416e-16,1.777010364276341e-16
raingage_N_5H50M,1.156422772885435e-15,1.958669661856122e-16,-2.007329399380302e-16,-7.981602154515574e-16,-4.698915703561302e-16,-6.492615258662441e-16,-3.818101367121879e-19,7.501453090134137e-16,-1.8345000135949175e-16,-1.0875574186207839e-16
raingage_N_5H45M,-3.293605319783286e-16,-6.853975967244505e-16,-5.388806022897376e-17,2.0194190952248308e-16,1.4886684745861423e-17,-5.2060654053312804e-17,5.211814244217611e-16,1.24411278242578e-16,1.2444243809338999e-16,5.103967290021634e-16
raingage_N_5H40M,6.09653622448769e-16,-6.854343810480899e-16,-1.3919966553094908e-15,-4.161491752373577e-16,4.3789035731181387e-16,1.07767756253278e-15,6.259747034828523e-16,6.131568877015707e-16,-2.042441297829037e-15,-1.4448844120364808e-15
raingage_N_5H35M,2.6479086693772687e-16,4.83312889487802e-16,-1.0897091377980668e-15,5.226289765803294e-16,4.0115176410438136e-16,4.104895475451312e-16,-2.8281435577870507e-16,-1.71691084093487e-15,-4.443042789111091e-16,-1.519320963414433e-15
raingage_N_5H30M,-3.484873313301484e-15,-3.487692734334189e-16,-2.2361447992598777e-16,2.0448280489506482e-15,-2.8868893378812107e-16,-1.0230806352591522e-15,8.672664060819423e-16,-1.0814811994531304e-15,2.4036366603156304e-16,6.779016646179497e-16
raingage_N_5H25M,-3.076349044221826e-15,-6.583218453130024e-16,1.2760913378610521e-15,-1.2374837131887101e-15,-3.807043739733397e-17,-1.85102188009669e-15,1.4714950894146256e-15,9.514800864756945e-16,4.056766733132124e-15,-2.9510944390364415e-16
raingage_N_5H20M,8.421178213000662e-16,1.8161111749464805e-15,1.8165464025883013e-15,5.355939332595836e-16,1.8489225673391067e-15,1.3879051340364733e-15,-1.1731647629276873e-15,-1.7031433606857218e-15,-2.7322353255779207e-15,2.496057257117102e-15
raingage_N_5H15M,-2.3440803592217666e-15,-8.488870460307865e-16,8.526481263282944e-16,-1.0149127349331145e-15,1.4468078334036294e-15,-1.2166869469595589e-15,-2.6423786981603933e-15,3.0436994055590664e-15,-7.793733348849725e-16,-1.2840286608956361e-15
raingage_N_5H10M,-2.9846494441006956e-15,-2.52916276060717e-15,-4.787623324234185e-17,-2.6937156432151516e-15,6.27004535740351e-16,2.647114849073374e-15,-1.8849865995914314e-16,2.0185694515722196e-15,-1.546847732176701e-15,1.2736891839293681e-16
raingage_N_5H5M,2.399026568801589e-15,-1.5243281745680253e-15,4.8764746206182995e-18,1.6711467843245538e-17,4.8592686436046384e-15,-2.8331411239756337e-15,2.6717863952602908e-15,2.2459453731027313e-15,2.536744041993214e-15,-4.3916808586094664e-15
raingage_N_5H0M,6.035380116135997e-15,3.8454043231801284e-15,-1.9924162472246387e-15,6.135507248350777e-15,2.434732080118949e-15,-2.8256961654521353e-15,-1.4734198537936696e-15,1.9304596245669208e-15,2.206623371643242e-15,8.870399035247052e-16
raingage_N_4H55M,5.3606064367665964e-15,-5.497991414617969e-16,-3.1715471219126817e-16,1.970355879364678e-15,2.0075540201347593e-16,-5.923912756484379e-15,-2.933842007290719e-15,-4.146384079787618e-15,-4.466995286406192e-16,1.141231604032082e-16
raingage_N_4H50M,7.381233799138168e-16,-3.300807965250075e-17,-3.90154427990326e-15,6.8731490327568064e-15,-2.748018108041792e-15,-3.1640526111652246e-15,-8.791751546421556e-15,-7.756973402063289e-16,-5.233709478734603e-15,5.278255160454519e-15
raingage_N_4H45M,-8.218366309746558e-16,-3.277799162219316e-15,-1.0807772375965101e-15,-4.90596711163495e-15,1.7290933293265225e-15,2.517750538025672e-15,-1.3931848539571249e-15,5.3474148451510114e-15,-3.457578053889412e-15,1.3448480048677655e-16
raingage_N_4H40M,-4.1644150209857874e-15,-5.8907727935334e-15,4.44147647993594e-15,9.489562313479482e-15,-6.560169717400659e-15,1.6977325388569948e-15,-4.860566047616969e-16,-1.055082908372171e-15,-1.701924231575113e-15,4.732780414789167e-16
raingage_N_4H35M,-2.037573540065556e-15,-3.2715611821154868e-15,-8.459723640011224e-15,1.4984069232904274e-14,-1.3791159949381862e-15,7.853614900737501e-15,-5.382840803845365e-15,6.402082926647147e-15,5.990191348135502e-16,-2.2716300540627523e-16
raingage_N_4H30M,6.768053468922322e-16,-7.057647331188562e-15,-8.820460755933359e-15,-3.005019482956538e-15,-4.0162670532471856e-15,8.393493480479757e-15,1.5732822041628689e-15,1.6070058437639502e-15,2.098857150457002e-15,5.176084330372923e-15
raingage_N_4H25M,6.5828016472717996e-15,-6.7016983128625785e-15,-1.0384095083216913e-14,-6.094338277059976e-15,2.203197849557956e-15,-8.212038419144511e-15,2.883473586545089e-15,1.0923718658639113e-14,-2.1755338054709296e-15,-3.2485319458611553e-15
raingage_N_4H20M,2.062336330682877e-15,-3.5498516363726823e-15,-1.3702686667297035e-15,8.357547541875728e-15,-8.003755812307279e-16,-4.797891438499361e-15,2.268703645179012e-15,-1.1666776908795183e-15,8.926031893118912e-15,-2.8724426979829877e-15
raingage_N_4H15M,7.092422353383284e-15,-7.103428314878619e-16,7.244175130528621e-16,1.1893954864452943e-15,-2.4020551309342254e-15,-1.1502907369508144e-14,3.644285928869948e-15,7.803333414598663e-15,5.7912185159777944e-15,-8.417349095450528e-15
raingage_N_4H10M,-2.808252283781253e-16,2.8213609469076687e-16,5.307549845411928e-16,1.2060423856854022e-14,-2.9795795695755284e-15,-2.9139822471057988e-15,1.0065845999446676e-14,2.1958433321187333e-14,-1.0465167905024469e-14,-1.712440366818872e-14
raingage_N_4H5M,5.365022757647701e-15,-3.1569948312508304e-15,-8.95470582335642e-16,1.8043175823451245e-14,-1.3939254802389894e-14,-2.3970890890144404e-15,1.1186492499803206e-14,-6.772102097802721e-16,-3.717990996725446e-15,-1.0420976401309421e-14
raingage_N_4H0M,4.604345163114313e-15,7.37200524854877e-16,5.002404720040646e-15,-2.850186989702193e-15,5.084956173915154e-15,6.878168895992463e-15,-3.0080950055252834e-15,5.957975744682037e-15,-1.1994932719952072e-15,-1.8992710654999986e-14
raingage_N_3H55M,-1.9212356730143835e-15,-1.3099441129272417e-15,1.83468111868157e-15,-9.62823562598015e-15,5.316675137436847e-15,1.1506817137475506e-14,1.909424181541809e-15,6.227516381534167e-15,-5.000419237472136e-16,-1.1927978906521965e-14
raingage_N_3H50M,-9.127115452889187e-15,3.964479868844266e-15,-1.369341097487916e-16,1.6000461793494407e-15,1.3602192592239278e-14,1.1989463449214706e-14,6.8377919962838276e-15,3.360077426492523e-15,-2.0837910886538606e-15,5.037125857220467e-16
raingage_N_3H45M,6.4524195580086785e-15,-3.5656768305550526e-15,-2.9232514182628116e-15,3.523871740081795e-15,8.158083499760102e-15,4.890352789139155e-15,9.824890759977047e-15,5.987392595925215e-15,-9.344012699925965e-15,5.886662116055817e-15
raingage_N_3H40M,-7.372227004665733e-16,3.450667696391268e-15,-1.0835861156437e-14,1.3786632019382534e-15,5.50709265847379e-15,-2.7051563016255014e-15,-9.162268194514817e-17,-8.27944046632769e-15,3.7547163757437935e-15,-1.0317717215914828e-14
raingage_N_3H35M,-2.3213833329143512e-15,9.734978140401713e-15,-1.4207667439823865e-16,9.440574214600048e-15,1.4184781762540724e-15,-1.2364575108960113e-16,-5.462825430103232e-15,5.944486067967696e-15,-5.069788503945812e-15,5.677798992500045e-15
raingage_N_3H30M,1.1796938488041407e-15,-3.0582437413295173e-15,-1.1098130142114864e-14,-8.422528112733104e-16,3.081937491436518e-15,5.301569064805313e-15,-5.593139907625303e-15,7.199582025597714e-15,-5.967595187818827e-15,-9.162172588019051e-15
raingage_N_3H25M,4.001035441638184e-15,4.900196254533521e-15,-1.2116083399616192e-15,3.4444088677789228e-15,1.0289997874422247e-14,-2.0477031434150798e-15,-2.3713273712939448e-15,3.943641003129652e-15,5.627226908466713e-17,-1.1832968620122963e-14
raingage_N_3H20M,-1.701454691479013e-14,-1.3305635689026392e-14,3.714256703996174e-15,4.974123734790699e-15,7.740109818221151e-15,-2.9087587928143155e-15,-7.412570182091096e-15,1.3375005161928036e-14,-1.225857514241005e-15,-1.2668804976780959e-14
raingage_N_3H15M,-1.4093161608084303e-14,1.4875042906742443e-14,1.523246160064673e-14,8.784999682557615e-15,-1.1336419254925617e-15,-2.2136860366157633e-15,-9.767327930675939e-15,-3.733023631284097e-15,-7.438389629847501e-15,-1.2254039874102125e-14
raingage_N_3H10M,-4.9776799779537146e-15,5.409844614822061e-16,8.917725338252519e-15,1.0296330645373107e-14,5.822295327175827e-15,-7.44015290882957e-15,-4.034060807593571e-15,1.8816264138067814e-14,1.3970118077863202e-14,3.0635016069542036e-15
raingage_N_3H5M,-5.664117717000568e-15,5.8312170883693676e-15,-2.019703807243443e-15,2.0054540835299624e-15,1.4376959238928314e-15,-4.461080143988183e-16,-5.26310564768716e-15,-1.0234922678368547e-14,7.242063289011912e-15,-2.154807974446018e-14
raingage_N_3H0M,-2.371270877781481e-15,-6.3743647987062465e-15,-2.8726498312336837e-15,2.1377270825008428e-15,1.3155010435074143e-14,-7.299423388397501e-15,-2.3938956574233642e-15,-2.0626591192781744e-14,8.218466627046538e-15,8.342830661495157e-15
raingage_N_2H55M,1.1249897018276605e-14,7.87072258932821e-15,-1.755734859403387e-14,-6.395172409862569e-15,1.3996790599520602e-14,-8.704938702119959e-15,3.404092755874757e-15,3.1054981040232484e-14,1.1951100260444472e-14,1.0213687335500237e-14
raingage_N_2H50M,1.5086600063796212e-15,-1.2169625937029924e-14,-1.0173302926263517e-14,2.0701436124848522e-14,5.865857999743089e-15,-8.18635554988823e-15,-2.1743124711029897e-14,2.3663942341385187e-14,-1.507616387772286e-15,-6.786571861860865e-15
raingage_N_2H45M,6.143044783605809e-15,-1.159126740292424e-14,1.364858211591347e-15,3.378261507398193e-14,5.7973025845790576e-15,2.1885349570476205e-14,-1.000912733203521e-14,2.0229378835865546e-14,8.719928579705206e-15,2.795521252120932e-15
raingage_N_2H40M,1.3152692122559972e-15,-4.700930193153393e-15,-1.5428969914383815e-14,1.220929003608508e-14,1.1112664657940815e-14,7.959032830600824e-15,-1.6185384783716386e-14,1.3858100668933465e-14,7.613254421025697e-15,-1.3799882782778088e-14
raingage_N_2H35M,1.0220483181468993e-14,-1.79569214426082e-14,-1.377958274793611e-14,8.117741302795099e-15,8.762144566199632e-15,5.468366924313302e-15,9.901003206767986e-15,2.962118653932465e-14,-1.1763747426873882e-14,-2.368304338352993e-14
raingage_N_2H30M,7.1909611251326e-15,-7.79709032097826e-16,2.108107667527971e-14,-1.678935369355665e-14,2.947000306024664e-14,-1.1659237229965466e-14,1.2281067468450156e-14,1.0564677783564509e-14,1.1139742867022158e-14,-5.8093001101635095e-15
raingage_N_2H25M,1.2783656450672163e-14,8.398327880759816e-15,-1.6333736594072352e-14,-1.022757383570377e-14,2.6478399824482512e-14,-1.1367759226656597e-14,6.779023461195319e-15,8.490269418985628e-15,9.02904174749196e-15,1.435615267632877e-14
raingage_N_2H20M,1.784080160390109e-14,-8.011313845817968e-15,9.512742053500058e-15,-3.8749606935861554e-15,5.776085231002228e-15,2.5008862034944635e-15,1.0728719233166149e-15,-1.3711281244364171e-14,-1.0738174131644381e-14,1.2942381926559154e-14
raingage_N_2H15M,1.2191334862734024e-14,8.027775468771453e-15,1.3679701642942181e-14,-1.914579588868923e-14,4.905016313099157e-16,-6.19571188325911e-15,-7.449557282457213e-15,2.221007179837067e-14,4.86846541990553e-15,-8.71056687626727e-16
raingage_N_2H10M,1.2344629398764143e-14,-2.763002367330602e-14,-7.999509771189738e-15,-2.1697168205338355e-15,-7.382664522720115e-15,-9.148560751289935e-15,-2.855714449406769e-14,1.8721471558443314e-14,8.285198477008034e-16,-1.2501392717740324e-15
raingage_N_2H5M,1.2480949744575804e-15,2.694263510670975e-14,-2.3327021375238833e-14,-1.172037521289855e-14,1.2228633567909669e-14,2.4302848724328653e-14,-2.6983991049940947e-14,2.1880368104479522e-14,-2.6613314366426655e-15,-1.5647717487431968e-14
raingage_N_2H0M,1.6983383444210776e-14,-7.612296419632015e-15,-7.132615962012368e-15,-2.0142820435442527e-14,3.590511485885917e-15,-3.165356294902043e-15,-2.3468974195592816e-14,-3.4662984751198334e-16,2.6670241033415956e-15,-9.443517179852481e-15
raingage_N_1H55M,-1.8396589628433306e-14,8.14472559709728e-15,-3.86874833475658e-14,5.8464981141796906e-15,4.240087242271837e-14,-1.775148886870037e-14,-1.4969385604862528e-14,-1.0865715901304844e-14,-1.2078580252486897e-14,-3.0969913011749902e-15
raingage_N_1H50M,-2.3107514060666314e-14,-1.588748731464654e-14,1.3090201817110026e-14,3.7602705236977697e-16,3.772279310217353e-14,-1.1729404979819566e-14,-1.978436393014367e-14,-1.5128417440637288e-14,-3.766532001418758e-15,-6.896760907764345e-15
raingage_N_1H45M,7.89255625771081e-15,6.427217155800496e-15,1.7624754222407737e-14,-2.7399709490525822e-14,-5.712375319492319e-15,-1.7767617591139605e-14,-2.401243590366676e-14,-2.6347297496264303e-15,3.0237825881538726e-14,8.269471250004815e-15
raingage_N_1H40M,1.5056441082330551e-15,-2.1836006927237472e-14,-9.01003692455377e-15,-9.659413367484512e-15,1.812589327654222e-15,1.5559989905169728e-14,-1.0052224489343842e-14,2.7319678467415995e-14,-2.0954564528364078e-14,-1.243619864610727e-14
raingage_N_1H35M,6.82506177880521e-15,-3.5971953670914524e-14,-1.6806001769051475e-14,8.885139347654953e-16,2.6957998308987215e-14,1.8348042516120904e-14,-2.1175956182410153e-14,-1.9125584568542653e-14,3.202072501278558e-16,1.3586118505214999e-14
raingage_N_1H30M,4.321691488568751e-14,-2.068091513174753e-14,-3.558845042929354e-15,-6.2636747271729625e-15,2.6605205494101685e-14,3.109129934724782e-14,1.0047416096598077e-14,-2.1654301731003865e-14,3.755735582778082e-14,7.643425709568491e-15
raingage_N_1H25M,3.207194720011032e-14,7.706667942635488e-15,8.694283019738766e-15,-6.443489228233407e-16,-9.861949237167848e-15,1.8033643184073896e-14,-1.3878109834260798e-14,6.470464987343878e-15,-1.768049264482183e-14,3.93716741656046e-15
raingage_N_1H20M,3.5181557094550323e-14,1.06809070254852e-14,-8.970767728835595e-15,-1.897967903468636e-14,-4.421000303363539e-15,3.071184822372525e-14,3.0967350284537556e-14,3.508596212501152e-14,-4.360804853261373e-15,-2.317290154448918e-14
raingage_N_1H15M,-3.3455642893464605e-14,5.739595583140329e-14,-1.3757425336658008e-15,-3.506231718298046e-15,1.0523726706692234e-14,-6.790527600462771e-15,5.631761629210834e-15,4.018720831899852e-14,-1.1263634822794277e-14,-2.7213860068948173e-14
raingage_N_1H10M,-2.56007683549948e-14,1.4751139878151977e-14,-3.618718136433182e-14,-1.7080752277668003e-14,3.0513462106113065e-14,-1.2452320640426422e-14,2.970863244934291e-14,-4.978620269098954e-15,-1.8579466787130314e-15,-1.3765059658379876e-14
raingage_N_1H5M,-1.0380016454770987e-15,3.01088480202819e-14,-3.367255531428606e-14,-1.204744213495229e-14,1.706238279386804e-14,-5.127920460426998e-14,1.7788310755424897e-14,-7.236174450993736e-14,-2.6025387868577068e-14,-9.139929054580303e-15
raingage_N_1H0M,1.834683250608518e-14,3.040992482657309e-14,-2.7755591851478855e-14,-1.9075242777666086e-14,2.628917952824556e-14,-5.741340255827719e-14,7.520024641259523e-15,1.951086558694067e-14,6.874355863664207e-16,4.3157260021149775e-14
raingage_N_0H55M,2.4141878964571687e-14,1.451234593756312e-14,-4.8097451948965864e-14,-3.520672851632468e-14,-3.6511377058935626e-14,1.0743665471247968e-14,1.5081902651362178e-15,1.3698384178615969e-14,-1.0727002695147616e-14,-5.694562781601906e-15
raingage_N_0H50M,-3.4691994638784096e-14,1.2757460584435439e-14,3.205917179331516e-14,-1.5453670450835625e-14,-1.8283665215890948e-14,4.6867739185071164e-14,-9.691852033628103e-15,-3.556603852399234e-14,-2.843647804815766e-14,2.4011493589832355e-14
raingage_N_0H45M,3.8300225018070115e-15,-5.6569711433658796e-14,2.1606161396314e-14,-5.731723614739491e-14,-4.606726183507352e-14,-9.580964704796665e-16,-4.6815378853014774e-14,-3.840807890072334e-15,-3.1696870023116115e-15,-5.569763150954166e-15
raingage_N_0H40M,-4.393711296578759e-15,2.874157580419799e-14,1.1393749496173956e-14,1.0262339776719781e-14,2.2838936926596653e-14,3.984050397307844e-14,7.85267520171786e-15,-5.70172125414319e-14,2.3077425643016302e-14,4.795901637787896e-14
raingage_N_0H35M,-3.361935625778385e-14,2.810686505649273e-14,-5.296037755203256e-14,-1.6365503128357236e-14,2.022668923245252e-14,5.5558885084674825e-14,4.096319733953546e-14,6.339442236884157e-14,-1.6325939435584694e-15,6.352823912322338e-15
raingage_N_0H30M,-3.768541526845413e-14,2.5222536990989072e-14,-2.7294815977527792e-14,1.994607547313322e-14,-2.6168630927821964e-14,1.2551377888351079e-14,3.9689426016774264e-14,1.1424898628410084e-14,-2.2188755433736578e-14,2.853827284843996e-14
raingage_N_0H25M,3.032081426137905e-14,-3.733542938215966e-15,9.661152328712326e-15,-1.751348594204933e-14,-1.8333333480023e-14,4.147267139402183e-14,2.9053231900848987e-14,4.123886493793599e-14,2.8255809997121826e-14,-6.766352935643923e-14
raingage_N_0H20M,3.538639315216518e-14,-1.2448369516557512e-14,1.0020460557364271e-14,-1.474710177789891e-14,2.4729144361944575e-14,-5.077494907614657e-14,3.238274710314487e-15,6.650614388824354e-15,-3.122914569537578e-14,1.9981613832144937e-14
raingage_N_0H15M,-1.085902454678461e-14,-5.295738666949751e-15,1.5854612250886495e-14,-7.402380817170893e-15,8.720887351131242e-15,-1.0935610916541473e-14,-5.0905887985052824e-14,-2.045698568122548e-14,5.805688028006025e-14,-9.458430787071138e-15
raingage_N_0H10M,3.674128357806493e-15,-3.154757556107749e-14,-2.1014168016952303e-14,1.618168520143482e-14,2.016988214393473e-14,-1.0425426742260059e-14,7.599049800643102e-14,-4.4786574702252495e-15,-2.789949652975523e-15,-8.981281418064957e-15
raingage_N_0H5M,3.236909588559259e-14,3.094760107699748e-14,6.811480550985718e-15,2.4681579621528016e-14,1.076195359352153e-14,1.447307686399656e-14,3.911546275991244e-15,4.1017776260459954e-14,4.2529913783746044e-14,-8.36325468713142e-14
raingage_N,3.759902943979211e-14,6.871245885455289e-14,-5.815179045999626e-15,-4.221158673537543e-14,1.8522401867216e-14,2.762683369112241e-14,-1.476747956747675e-14,-7.839682435895818e-14,-2.4276674255567745e-14,-1.8216450238336913e-14
"raingage_N->('10', 'depthN')_tr_1_0",-1.511306824781954e-17,-1.789754945488591e-17,1.7798407729990678e-16,1.5900112132264734e-17,3.3015023568514844e-18,0.001034983123337414,8.047651141438055e-18,4.70012645517918e-17,0.3674299993303245,-1.314870092556714e-16
"raingage_N->('10', 'depthN')_tr_1_1",-1.1577207921397737e-16,-4.536891038921159e-17,5.943388641124345e-16,1.085508334520028e-16,1.9968319141971385e-16,0.01803755678449134,1.346903494993065e-16,-2.148545055689545e-16,0.22726678008204002,-1.8028303785989653e-16
"raingage_N->('10', 'depthN')_tr_1_2",5.415683027215283e-16,6.581601770406895e-16,-4.975984958746004e-16,7.929472334048059e-16,9.572555999118492e-16,0.24498457124395606,7.65736733329119e-18,-1.3545646792477866e-15,0.024178987301563037,8.70236598124688e-16
"raingage_N->('10', 'depthN')_tr_1_3",5.71685328072484e-16,1.1281008053753863e-15,-7.208131690916478e-16,-6.43536353163937e-16,5.783200082646955e-16,0.26721628751703785,-1.6656259736132786e-16,-5.577109178484986e-16,0.011391973736445007,-9.010087436844382e-16
"raingage_N->('10', 'depthN')_tr_1_4",1.0594279109318388e-17,2.462450441586883e-15,1.2420328105599562e-15,-5.053737908171561e-15,-2.6657811112149045e-15,0.2849588059827456,2.24775152049465e-15,-4.85318989520552e-15,0.004651851808847126,-8.460563019832544e-17
raingage_S_06H00M,0.0,0.0,0.0,0.0,0.0,0.0,0.0,0.0,0.0,0.0
raingage_S_5H55M,2.7616238049943834e-16,2.3000632571353e-16,6.57940390660277e-17,8.742540982255312e-17,3.012006600961376e-16,-1.5946520372863336e-16,-2.121765642184003e-16,-3.339927468130939e-16,1.7338615091870529e-16,-1.7658147180660947e-16
raingage_S_5H50M,1.011616381268391e-16,3.093834506737011e-16,9.163260053793596e-16,-1.3429543580718427e-17,-4.460901095762759e-16,3.9951774729575646e-16,5.239596544533544e-16,-2.0439188842478044e-16,3.8833314605438164e-16,7.256361533759505e-16
raingage_S_5H45M,-3.256615343484156e-16,3.084449324027831e-16,4.5342008583506305e-17,5.47417406186426e-16,6.820117217500798e-16,-3.247272607360317e-16,1.1577163322736196e-16,-1.3791021853822994e-16,-4.676026557219402e-17,1.1707947494284606e-15
raingage_S_5H40M,1.6176766978433628e-15,4.894299671372336e-16,-5.751149545825723e-16,7.276123854403802e-16,-1.3386209657875656e-16,-9.712165993580355e-16,-4.922908271150377e-16,-1.1390085750492663e-15,3.776384221705806e-17,8.639587759816893e-16
raingage_S_5H35M,-2.3194369246553465e-15,-2.097371926652169e-15,-4.87002823646412e-17,-9.177417287313666e-16,-6.74745863576255e-16,1.3607271749440158e-15,-7.193756218725851e-17,1.4224350921739285e-15,-2.897862428229301e-16,-6.904757664067515e-16
raingage_S_5H30M,-5.090026968234706e-16,-7.0317365719562135e-16,-1.9294134618947304e-15,-8.767703995433355e-17,1.2894458158582508e-16,-1.2372026959124904e-15,7.728943288706488e-16,-1.7222867347102666e-15,2.820302001320398e-15,-8.902573287631711e-16
raingage_S_5H25M,2.4315657228860233e-15,2.376312943672661e-15,9.68962651982551e-16,8.48109909523048e-17,2.889157769008269e-16,-2.0671074738055485e-16,-5.3049073118657775e-17,-1.9696856900347926e-15,1.1137234193212545e-15,-1.97871331541555e-15
raingage_S_5H20M,-1.1247554985663654e-15,-1.793306896455358e-15,9.797176104129104e-16,-7.269593926794782e-16,-7.139204678322012e-16,1.5190855825827016e-15,-4.972072394242751e-16,-2.192682639776828e-15,-3.3531765086293566e-16,1.7248565375811064e-15
raingage_S_5H15M,2.046972936523252e-15,1.9925200894818315e-15,3.6893813434499048e-16,2.146706365247801e-15,1.150786294046885e-16,1.2299508379449947e-15,2.0398510045733024e-15,-5.300002165681703e-15,-8.707478805916169e-16,-1.0193054331706272e-15
raingage_S_5H10M,-3.440638212700624e-16,-5.263307359680234e-15,-5.150632249117475e-16,-3.969353364017057e-15,-4.443668255351606e-15,1.5654094454289601e-15,-2.0561400302777783e-15,-4.171154685918489e-15,-1.5611078575129007e-15,-4.105625199686818e-15
raingage_S_5H5M,5.865870341556856e-16,-1.0478292621489804e-15,4.1741087193409285e-15,-4.5070172191257356e-15,7.082023953447009e-16,-1.014422058463963e-15,-3.073332473775477e-15,-8.627657790659724e-16,-9.325720902844403e-16,3.955989647213572e-16
raingage_S_5H0M,6.904010311321361e-15,3.1160310521699785e-15,1.3814331275380833e-15,2.179816517974276e-15,-6.737052961611703e-15,1.637703331792929e-15,8.5057907044082e-16,-1.9188637836040115e-15,6.242193357437272e-15,-3.40046060040923e-15
raingage_S_4H55M,-5.945442163386264e-15,-1.1780296773910546e-15,8.858090058614335e-16,1.4742629022262764e-15,1.2572163438175496e-15,-3.1253875065282982e-15,5.692475960468304e-16,-2.9976213413422174e-15,3.692101092283973e-15,9.585462204412479e-15
raingage_S_4H50M,2.8995117256350284e-15,7.920170242912585e-15,-8.816918951963167e-15,2.9476835719659526e-15,-5.28593984128389e-16,-3.5485299916495126e-15,5.9231505807268705e-15,3.4294163155197567e-15,3.573609497098003e-15,2.4683561977879698e-15
raingage_S_4H45M,9.199622129872035e-16,-1.3520588190689384e-15,-6.732777309361013e-16,2.6415372730597166e-16,5.394177806315858e-15,-8.260590257220514e-15,6.647585437735907e-15,7.190242857027731e-15,-5.868694514080121e-15,-2.8868967558698716e-15
raingage_S_4H40M,7.413951899822895e-15,-1.1999255504610436e-15,-6.84690447429658e-15,6.872529129132693e-15,1.1751592786893528e-14,-7.803360612508151e-15,-3.0904970765415357e-15,2.183148016572952e-15,-3.9889185265273424e-15,-9.457701058487271e-16
raingage_S_4H35M,-4.214333026389566e-15,1.6012536073756166e-14,5.25558983284834e-15,4.6608255879717515e-15,1.9606070383942313e-15,4.5897866107483164e-15,2.0619597606379993e-15,-3.087938131854735e-15,-2.886562460372063e-15,5.802312194020636e-15
raingage_S_4H30M,8.232110307839586e-15,1.2793233614075571e-14,2.632311816975437e-15,-1.6153603847767703e-15,1.0370563445295045e-14,-6.240184972452796e-16,-6.657129986259979e-16,-5.945164831211877e-15,4.843302429673487e-15,-7.19110855057275e-15
raingage_S_4H25M,-2.5336243921631974e-15,-9.876414691887463e-15,8.731611094955012e-15,-2.53060345768148e-15,-3.6079111021675244e-15,3.854042141783012e-15,-4.245842790545149e-15,-1.1276087955751126e-15,4.531942100748639e-15,3.4229987270348963e-15
raingage_S_4H20M,-7.874648100953382e-15,1.7309960219544524e-15,6.20967658172867e-15,-5.612324718923837e-15,8.229214359086693e-15,5.968416657076976e-15,1.4375394923459402e-15,-2.5159416938008325e-15,6.586192030192509e-15,1.402356449595652e-14
raingage_S_4H15M,-1.0695002373488518e-14,3.153158937557115e-15,-1.4788340398813627e-14,-3.4884487657703415e-15,-5.844927835201162e-15,1.509156507918966e-14,-2.876801086957242e-15,-5.435916576293878e-15,-8.857272584936827e-16,-3.046778732189039e-15
raingage_S_4H10M,6.732003836112605e-15,7.175056185281557e-16,-8.522743820442994e-15,-8.693370686525345e-15,1.1304875702355519e-14,8.992016723707067e-15,4.130775561629424e-16,-4.538399138158189e-15,-2.207951154491061e-15,2.4185036439023828e-15
raingage_S_4H5M,1.3584931697757998e-14,1.1624748181344683e-14,-1.165608046231025e-14,1.9043440293478483e-14,-3.80489652671648e-15,5.267950262049707e-15,-6.336021946501144e-16,7.29944792850989e-15,-7.741712412342375e-15,-1.7372816215059846e-15
raingage_S_4H0M,7.469333518648552e-15,-7.254033918357271e-15,-8.03459763882991e-15,3.5376368796675336e-15,2.2241792981444847e-15,-3.1623147416683566e-15,-8.715845924006576e-16,1.0913328408515458e-15,2.116894597080523e-15,5.565359264711854e-15
raingage_S_3H55M,7.65563470719374e-15,-2.7257042645896785e-15,1.5079591933238908e-14,9.424713487245015e-15,-1.0773670604649786e-14,8.181105898469095e-15,9.796947885836334e-15,-4.626546263684685e-15,8.272324948535213e-15,-1.9348519472303965e-15
raingage_S_3H50M,2.9725725851881516e-15,1.1999713171173305e-14,1.0864274326466442e-14,-1.023348372321772e-15,1.1854768712150562e-14,-6.626030255879255e-15,-1.0207835085736117e-14,-4.057998662404902e-15,-3.045268083500942e-15,-1.8838240803635323e-15
raingage_S_3H45M,2.492194860617527e-15,9.674048035056802e-15,3.7808215240410886e-15,-3.4037978007875394e-15,1.347297439828222e-15,-2.932044333505589e-15,-3.524351842401377e-15,-1.0385974268828465e-15,-1.1687018353009735e-14,-6.569320750690857e-15
raingage_S_3H40M,5.719121292063532e-15,1.72839565129247e-14,1.900292410856927e-14,6.991256692505588e-15,-1.9540371588977328e-15,5.1433158894794e-17,1.7682935798695223e-14,-1.6436392758798725e-15,-1.4987319315279684e-14,-1.3370524748368044e-16
raingage_S_3H35M,2.9183888904574043e-15,6.983254898057351e-15,1.3389107505343201e-15,3.036176011883999e-15,-9.642688377851013e-15,1.1066525770502007e-14,6.1741525890075695e-15,-7.569819203066735e-15,6.2813495605790415e-15,-8.24875431347191e-15
raingage_S_3H30M,-1.1338522649351179e-14,-5.179373920274035e-15,4.005792529416682e-15,1.8413502663217793e-14,-9.274444581815021e-15,-8.019895136896025e-15,5.582371498872977e-16,-1.224787651374078e-14,5.583960799323615e-15,-9.797559641487163e-15
raingage_S_3H25M,-8.851243353990224e-15,5.086534847510382e-16,7.432788966149195e-15,1.350522365341997e-14,-5.5891225883714755e-15,8.865447506448343e-15,8.012922060132774e-16,1.8467915520488417e-14,5.6897064912253666e-15,7.364636279627279e-15
raingage_S_3H20M,-2.5708816396035444e-14,8.3552451130595e-15,-2.126136082430296e-14,-1.343572106299069e-14,-4.55991421520919e-15,-5.874447953291971e-16,-3.940543385854501e-15,8.407936383565544e-15,-6.5480296301458305e-15,3.8235617047402705e-15
raingage_S_3H15M,6.233061289122846e-16,-5.7958097241070535e-15,1.3903064386446972e-14,1.183249312324896e-14,2.933350519363623e-15,6.107362159890818e-15,-2.0369922290695112e-14,-1.5207839003163806e-14,2.405648781917023e-15,-9.037633836628992e-15
raingage_S_3H10M,-7.859624259772323e-15,1.6433293612796822e-14,7.41607089369536e-15,-1.1462170833386275e-14,4.595107409740952e-15,-2.218911331158011e-15,2.7228089055291216e-16,-8.682440787746107e-15,2.0205612661517015e-14,-9.677000453082233e-16
raingage_S_3H5M,1.0184389542534125e-14,1.653494673296987e-15,1.4469815778312275e-14,-8.571280112962212e-15,1.4550924852685848e-14,7.48885722208173e-15,5.8601991480713205e-15,-1.4457893730789067e-14,1.227191498170621e-14,-6.61767881397581e-15
raingage_S_3H0M,-7.996221451531161e-17,1.0484865913065822e-14,1.867650862120843e-14,1.9974526992908902e-15,-1.1518403742255587e-14,-3.291649916643879e-14,-1.2031286853619307e-14,3.1943596903420684e-14,1.3220383971480105e-14,-8.628512870721429e-15
raingage_S_2H55M,-1.27619180412651e-14,8.836013786064518e-15,-8.10549878214841e-15,1.704087465608491e-14,9.933657478343498e-16,-1.0455716511346059e-15,-7.71548838896155e-15,2.0279354710603542e-14,-7.82179012437671e-15,-3.728964368884759e-15
raingage_S_2H50M,-3.168777479406619e-14,-8.296423811955279e-15,1.4631562278131403e-14,4.15338642198107e-15,-2.103941755108498e-14,-1.309114392854519e-14,1.8753749797777907e-15,-1.0193307764286149e-14,-4.9072949439811365e-15,-5.286926979245782e-15
raingage_S_2H45M,1.1916958041390713e-14,-1.2713217417115303e-14,1.9240132767377017e-14,1.9909710389565723e-14,-4.849963720989716e-15,-9.538560197750921e-15,-1.062933708692691e-14,1.0064515265364222e-14,-1.9452289720229867e-14,-1.0761368867777755e-14
raingage_S_2H40M,-4.016627171091385e-15,2.3310400608723184e-14,-1.2523349853916825e-14,1.7870467168544315e-14,1.0321063845265635e-14,-1.3937378557427321e-14,4.139080536752207e-15,-1.1365947720672225e-14,-2.1699789925023058e-14,-1.0226894231001222e-14
raingage_S_2H35M,1.272819723202059e-14,1.455423186952363e-15,1.4065822036920219e-14,-8.235726750580405e-15,-6.494039478045949e-15,2.039220404728077e-14,1.0301816650267349e-14,-2.7399929347041687e-14,6.909746010807532e-15,9.980011185971713e-15
raingage_S_2H30M,-7.0561118978359264e-15,-6.708352742740818e-15,-3.122618361810165e-15,-1.4192450698553838e-14,-1.7192347405838414e-14,-1.711962710612065e-14,4.980379779851768e-15,-2.5740143136641155e-14,-1.435017648311612e-14,1.0804652712752729e-14
raingage_S_2H25M,-2.3151049516515953e-14,-1.2859218437779669e-14,1.2933268423884422e-14,1.7713505199419374e-14,-2.8481312239255973e-15,-2.709375505505211e-14,-6.1422521001950226e-15,-9.220596946917462e-15,-1.5559735983604204e-14,8.288083457769686e-15
raingage_S_2H20M,-1.9979375139306884e-14,2.4040301516734884e-15,9.683076044559485e-15,-2.6767766412537705e-15,-1.7297427214766274e-15,-2.867213052439625e-14,-1.0866300708646039e-14,5.845223420857736e-15,2.190180403753618e-14,2.150069764141919e-14
raingage_S_2H15M,6.500712723201885e-15,6.076736428499252e-15,1.2932407709039527e-14,-7.498428794066474e-16,8.304953267428876e-15,-3.4306447498242065e-14,-8.38092044050673e-15,4.623150456446056e-15,5.333919413876285e-15,8.153581910047656e-15
raingage_S_2H10M,1.7610445360491765e-14,8.374213273194709e-15,2.044757247379164e-14,-3.6169817610198817e-14,2.1750781420965105e-14,-1.290951691110351e-14,7.817842612277391e-16,-2.118661831177183e-14,-1.5444150661483573e-15,9.508095065195713e-15
raingage_S_2H5M,2.629824586520779e-14,1.0245359684861748e-14,-1.699919394499841e-14,-3.854117820504103e-15,-1.8959486512912243e-15,-1.3068972106804576e-14,1.55279126988696e-14,-2.7211671734978995e-14,-9.830391840208868e-15,1.228084922952592e-14
raingage_S_2H0M,-1.4787783369748902e-15,-1.855758325891899e-14,1.4561632583047435e-14,-1.135582637052158e-14,1.3564736008940376e-14,-1.5368892538991444e-14,-2.109983082257839e-14,-2.923610673218816e-14,6.843974641280347e-15,1.935249755485885e-14
raingage_S_1H55M,1.2665034707889611e-14,-1.2464800555007261e-14,-7.102503784273578e-15,5.96783955370945e-15,7.34716863343506e-15,-2.038098557771013e-14,2.0242616872107752e-14,-2.046550570936432e-14,-2.817554994288929e-14,-3.402369408398499e-16
raingage_S_1H50M,-1.2237334396232164e-14,-2.0106195748286813e-14,9.712066871062543e-15,1.3836975163631962e-15,1.3389211694686468e-14,-2.4680056055886783e-14,2.293729742650367e-15,-1.803492973053966e-14,-1.9246349171428027e-14,1.7130725303026472e-14
raingage_S_1H45M,-2.0974548162630418e-14,-3.634798998664879e-14,-1.3979699143389731e-15,-3.01882311698037e-14,2.3855685879299797e-14,-4.202068541403531e-15,-1.8422369550708548e-14,1.5174639113684355e-14,7.262276867049525e-15,-4.2662239385874075e-14
raingage_S_1H40M,-5.5016773378542924e-15,5.7614888823163984e-15,-1.3152866223701016e-14,8.454308673020361e-15,1.587030650588759e-14,-2.178667002884166e-14,-1.2716505831050472e-15,-7.405645809232274e-15,2.3900282474046616e-14,-1.1270363200721206e-14
raingage_S_1H35M,1.5691972935638807e-15,2.6325907589351837e-14,-1.20255343080121e-14,3.931544160110531e-14,3.3306333765988467e-15,7.745610873493156e-15,1.1703147757226336e-14,-1.4606656088520949e-15,1.4680877901516976e-14,-5.870036201724365e-15
raingage_S_1H30M,-8.23173268482836e-15,2.0481188510108444e-15,4.814038270314022e-14,5.3366200729611e-14,-1.3966350288734612e-14,1.6375020172210585e-14,-2.5337147673698038e-14,-3.344446474806918e-15,3.2085385101004e-14,-4.370970984583846e-15
raingage_S_1H25M,7.16712808587555e-15,-6.139615118286353e-15,6.612517784061367e-14,1.8953129930710016e-14,3.223124726898768e-14,-2.0243500375980216e-14,3.740238611211645e-15,-4.4136748288353236e-14,5.449227111789847e-15,-1.1861286980277957e-15
raingage_S_1H20M,1.3514259537260173e-14,1.9061015222826496e-15,4.848455881228297e-14,2.4613386863058475e-14,1.3828870880258219e-14,2.3024975123333507e-15,1.07004702443863e-14,-9.425065254976749e-15,7.108477699845723e-15,-1.7279987545214742e-14
raingage_S_1H15M,-6.3824315961905295e-15,-3.973425889327953e-14,-1.6536694793817804e-14,-3.1760325808904192e-15,2.6259913950068512e-14,-5.217953881599896e-15,-2.7451597631167628e-14,1.771852591321722e-14,-3.1173417978007275e-14,7.083077934044492e-15
raingage_S_1H10M,-4.025340192815574e-15,-4.2599427601929104e-14,1.5950234432852604e-14,-3.692123700309011e-15,3.0266337244729452e-15,-5.057262074804914e-14,-3.788432827611827e-14,-1.4946268481868867e-14,-1.8993586749481838e-14,1.3614393263539375e-14
raingage_S_1H5M,3.4739935326990217e-15,5.45453681018323e-14,9.370225285232927e-16,4.310697648063546e-14,1.2328034063557173e-14,-1.1357342314875486e-14,8.148465534799831e-15,-1.1499111872774452e-16,-2.026347021710461e-14,-2.677777330651237e-15
raingage_S_1H0M,1.702505846390808e-14,2.0390117703246042e-14,3.50332502893201e-14,-1.0533881738169734e-14,-1.1223576461989991e-14,-8.954662369474581e-15,1.8629633543814996e-14,-9.266656001172655e-15,-3.1615257695503235e-14,-1.2987029559337153e-14
raingage_S_0H55M,9.967844415070806e-15,4.4392998542151357e-14,3.8459272923237977e-14,-2.4506999944558646e-14,-2.3697575098999745e-15,-1.0921551159465213e-14,-1.440786185725503e-14,8.853619320662146e-15,-2.6739920471026117e-14,-1.762581331161642e-15
raingage_S_0H50M,-1.0107030483539428e-14,2.550505886459888e-15,7.489876099496653e-14,-1.0082588278369908e-14,2.2523909893872477e-15,-2.358229001105652e-14,-1.334794136318461e-14,-2.7549949555886923e-14,1.0027568866770427e-14,7.279141832733704e-15
raingage_S_0H45M,1.0283678390243143e-14,3.1508495679851396e-15,1.4218224663906814e-15,1.6005233596412314e-14,-2.4268741445850372e-14,-1.7978217796219787e-14,2.2228221815391868e-14,-1.0909607976535205e-14,-5.526580973943742e-14,-7.260475446853341e-15
raingage_S_0H40M,1.9469342367090395e-14,5.254299926371013e-14,6.933181897412829e-15,2.2483491426967682e-14,-1.4192807563983942e-14,-4.257774627848726e-15,-1.681065517471519e-14,9.05872618856013e-15,8.127078287545145e-15,-1.0678214251759505e-14
raingage_S_0H35M,-1.2026934699172193e-14,3.045182572570938e-14,-3.609118010143618e-15,-2.1924157484670437e-14,-1.0394473440680452e-14,-9.66918850995997e-15,-5.73195106647435e-14,-1.5608946035350883e-14,-1.9025624919849066e-14,-6.252861635785511e-14
raingage_S_0H30M,4.666212662854194e-14,2.250017224767816e-14,4.712863091377503e-15,8.408008821929296e-15,-6.148916904807181e-14,4.321056694127962e-14,-2.125538710094727e-14,6.843350258733575e-15,2.803920510736372e-15,3.697763433279424e-14
raingage_S_0H25M,2.1628660686910144e-14,4.97897003793214e-14,1.7081657606685965e-14,-6.090034734715595e-15,1.3641330105926962e-14,7.061858684173164e-16,-1.6981702811577503e-14,-1.5831443069927454e-14,-1.3050564761052307e-14,-4.627280473282984e-14
raingage_S_0H20M,-7.144105973634955e-15,1.7867001115848882e-14,-1.781409385071229e-14,1.137136284585333e-14,-2.5066628362711916e-14,1.0461281875576598e-14,-2.6116003531993473e-15,-1.1082075031146944e-14,7.989113883205072e-14,4.5360906214595753e-14
raingage_S_0H15M,-8.24433369723458e-16,-7.506695602698518e-15,5.5539363440906304e-14,-1.436078149727978e-15,5.577676048761079e-14,3.376765997072647e-14,1.0007588682571786e-14,3.8782332346941105e-14,-1.7159261108576666e-14,6.66940767757916e-14
raingage_S_0H10M,-6.886496668443082e-15,-2.83388556346846e-14,1.3213954938625051e-15,1.6334419836543907e-14,-3.976354268498226e-15,2.5291603231189516e-14,-1.9737757432336932e-14,-2.886036575821002e-14,2.8441648171119763e-15,-7.929810531058454e-14
raingage_S_0H5M,5.6122296440797294e-14,2.6983129383766814e-14,-7.199056585929755e-14,-3.3024031506526843e-14,-1.657892341080024e-14,1.2903148481329332e-14,4.884507768410039e-14,-3.456268104079281e-14,-4.894873425364934e-14,-1.246137376062531e-13
raingage_S,-5.221307328365292e-15,-2.0465548263658705e-14,-2.2151736883761654e-14,4.301482456558921e-15,5.673757318830967e-14,-5.050146624827979e-15,-4.8384669126829696e-14,-9.998083403063258e-14,3.4978060080136904e-14,1.4582598009272096e-13
"raingage_S->('4', 'depthN')_tr_1_0",-1.063844167624952e-05,0.0006214531950132211,3.718490722405618e-18,-3.971704958600177e-17,2.0609769696129453e-17,-5.794624997238142e-17,5.141615432097915e-17,3.1853827277521223e-17,1.0301784034817036e-16,0.36742581281167513
"raingage_S->('4', 'depthN')_tr_1_1",-3.712551754451864e-05,0.010991867786460911,-7.324754754348769e-17,7.583320448609145e-17,9.502885242738991e-17,6.55078107566207e-17,3.101130611194204e-16,1.82074930763317e-16,5.440389660673406e-16,0.22726507745301813
"raingage_S->('4', 'depthN')_tr_1_2",6.394342359447667e-07,0.1590985171055689,-4.046590638887019e-16,-1.7159463602382238e-15,-1.009578621983385e-15,-3.681378245241173e-18,-1.1645543343746074e-16,1.3096346789996923e-15,3.0713656961783015e-16,0.024178866045708274
"raingage_S->('4', 'depthN')_tr_1_3",5.608358375741821e-06,0.17373540932515852,-9.385725069864385e-17,-1.757416920852836e-15,-8.085966565061512e-16,6.129190139074421e-16,-5.94890322889652e-16,1.6402295643146192e-15,1.2213282150814954e-15,0.01139192706178173
"raingage_S->('4', 'depthN')_tr_1_4",1.0214993518603949e-05,0.1857626962324163,3.5045557538808015e-15,2.08623579768513e-15,-7.852142577687645e-15,1.2367111897994401e-15,4.105796650319363e-16,-6.1172425787995615e-15,1.9080338102421593e-14,0.0046518358935712005
"raingage_S->('1', 'depthN')_tr_1_0",0.0006642246426730541,-1.0606610239381896e-05,6.535923821364523e-17,6.432609707301141e-17,5.638906768396277e-17,-6.995555407938806e-17,1.8578043543932937e-17,2.3183043586086024e-17,8.156361309917827e-17,0.367425812811675
"raingage_S->('1', 'depthN')_tr_1_1",0.011731620144070492,-3.75660700978166e-05,9.996890056949339e-17,2.5129335586195397e-16,1.8082163605287113e-16,-2.793299817649392e-16,1.6552517139274562e-17,2.9261179432372937e-16,3.649221173031895e-16,0.227265077453017
"raingage_S->('1', 'depthN')_tr_1_2",0.16890215326316357,-1.6868828576653868e-06,2.324194623282182e-16,-5.890670648455951e-16,-1.2902175532542275e-15,7.035324837882091e-16,1.1639264660558972e-15,3.634569621054349e-16,-2.1340994299542537e-16,0.02417886604570566
"raingage_S->('1', 'depthN')_tr_1_3",0.18442388531305595,3.1426423125206686e-06,-1.710506384663946e-16,-1.0555308995490465e-15,-8.733475609550363e-16,6.916734845755409e-16,1.1743952095237161e-15,5.548015264927395e-16,1.6382963079541246e-15,0.011391927061779947
"raingage_S->('1', 'depthN')_tr_1_4",0.19714919954672688,7.705022052831386e-06,3.994862764549455e-15,-3.684067398861853e-15,1.0414988500298883e-14,1.36013601751011e-16,4.720388182576173e-15,-1.4494001989471206e-15,-1.019450272053079e-14,0.004651835893586479
